country;year;pop;continent;lifeExp;gdpPercap
Afghanistan;1952;8425333;Asia;28.8;779.45
Afghanistan;1957;9240934;Asia;30.3;820.85
Afghanistan;1962;10267083;Asia;32.0;853.1
Afghanistan;1967;11537966;Asia;34.0;836.2
Afghanistan;1972;13079460;Asia;36.1;739.98
Afghanistan;1977;14880372;Asia;38.4;786.11
Afghanistan;1982;12881816;Asia;39.9;978.01
Afghanistan;1987;13867957;Asia;40.8;852.4
Afghanistan;1992;16317921;Asia;41.7;649.34
Afghanistan;1997;22227415;Asia;41.8;635.34
Afghanistan;2002;25268405;Asia;42.1;726.73
Afghanistan;2007;31889923;Asia;43.8;974.58
Albania;1952;1282697;Europe;55.2;1601.06
Albania;1957;1476505;Europe;59.3;1942.28
Albania;1962;1728137;Europe;64.8;2312.89
Albania;1967;1984060;Europe;66.2;2760.2
Albania;1972;2263554;Europe;67.7;3313.42
Albania;1977;2509048;Europe;68.9;3533.0
Albania;1982;2780097;Europe;70.4;3630.88
Albania;1987;3075321;Europe;72.0;3738.93
Albania;1992;3326498;Europe;71.6;2497.44
Albania;1997;3428038;Europe;73.0;3193.05
Albania;2002;3508512;Europe;75.7;4604.21
Albania;2007;3600523;Europe;76.4;5937.03
Algeria;1952;9279525;Africa;43.1;2449.01
Algeria;1957;10270856;Africa;45.7;3013.98
Algeria;1962;11000948;Africa;48.3;2550.82
Algeria;1967;12760499;Africa;51.4;3246.99
Algeria;1972;14760787;Africa;54.5;4182.66
Algeria;1977;17152804;Africa;58.0;4910.42
Algeria;1982;20033753;Africa;61.4;5745.16
Algeria;1987;23254956;Africa;65.8;5681.36
Algeria;1992;26298373;Africa;67.7;5023.22
Algeria;1997;29072015;Africa;69.2;4797.3
Algeria;2002;31287142;Africa;71.0;5288.04
Algeria;2007;33333216;Africa;72.3;6223.37
Angola;1952;4232095;Africa;30.0;3520.61
Angola;1957;4561361;Africa;32.0;3827.94
Angola;1962;4826015;Africa;34.0;4269.28
Angola;1967;5247469;Africa;36.0;5522.78
Angola;1972;5894858;Africa;37.9;5473.29
Angola;1977;6162675;Africa;39.5;3008.65
Angola;1982;7016384;Africa;39.9;2756.95
Angola;1987;7874230;Africa;39.9;2430.21
Angola;1992;8735988;Africa;40.6;2627.85
Angola;1997;9875024;Africa;41.0;2277.14
Angola;2002;10866106;Africa;41.0;2773.29
Angola;2007;12420476;Africa;42.7;4797.23
Argentina;1952;17876956;Americas;62.5;5911.32
Argentina;1957;19610538;Americas;64.4;6856.86
Argentina;1962;21283783;Americas;65.1;7133.17
Argentina;1967;22934225;Americas;65.6;8052.95
Argentina;1972;24779799;Americas;67.1;9443.04
Argentina;1977;26983828;Americas;68.5;10079.03
Argentina;1982;29341374;Americas;69.9;8997.9
Argentina;1987;31620918;Americas;70.8;9139.67
Argentina;1992;33958947;Americas;71.9;9308.42
Argentina;1997;36203463;Americas;73.3;10967.28
Argentina;2002;38331121;Americas;74.3;8797.64
Argentina;2007;40301927;Americas;75.3;12779.38
Australia;1952;8691212;Oceania;69.1;10039.6
Australia;1957;9712569;Oceania;70.3;10949.65
Australia;1962;10794968;Oceania;70.9;12217.23
Australia;1967;11872264;Oceania;71.1;14526.12
Australia;1972;13177000;Oceania;71.9;16788.63
Australia;1977;14074100;Oceania;73.5;18334.2
Australia;1982;15184200;Oceania;74.7;19477.01
Australia;1987;16257249;Oceania;76.3;21888.89
Australia;1992;17481977;Oceania;77.6;23424.77
Australia;1997;18565243;Oceania;78.8;26997.94
Australia;2002;19546792;Oceania;80.4;30687.75
Australia;2007;20434176;Oceania;81.2;34435.37
Austria;1952;6927772;Europe;66.8;6137.08
Austria;1957;6965860;Europe;67.5;8842.6
Austria;1962;7129864;Europe;69.5;10750.72
Austria;1967;7376998;Europe;70.1;12834.6
Austria;1972;7544201;Europe;70.6;16661.63
Austria;1977;7568430;Europe;72.2;19749.42
Austria;1982;7574613;Europe;73.2;21597.08
Austria;1987;7578903;Europe;74.9;23687.83
Austria;1992;7914969;Europe;76.0;27042.02
Austria;1997;8069876;Europe;77.5;29095.92
Austria;2002;8148312;Europe;79.0;32417.61
Austria;2007;8199783;Europe;79.8;36126.49
Bahrain;1952;120447;Asia;50.9;9867.08
Bahrain;1957;138655;Asia;53.8;11635.8
Bahrain;1962;171863;Asia;56.9;12753.28
Bahrain;1967;202182;Asia;59.9;14804.67
Bahrain;1972;230800;Asia;63.3;18268.66
Bahrain;1977;297410;Asia;65.6;19340.1
Bahrain;1982;377967;Asia;69.1;19211.15
Bahrain;1987;454612;Asia;70.8;18524.02
Bahrain;1992;529491;Asia;72.6;19035.58
Bahrain;1997;598561;Asia;73.9;20292.02
Bahrain;2002;656397;Asia;74.8;23403.56
Bahrain;2007;708573;Asia;75.6;29796.05
Bangladesh;1952;46886859;Asia;37.5;684.24
Bangladesh;1957;51365468;Asia;39.3;661.64
Bangladesh;1962;56839289;Asia;41.2;686.34
Bangladesh;1967;62821884;Asia;43.5;721.19
Bangladesh;1972;70759295;Asia;45.3;630.23
Bangladesh;1977;80428306;Asia;46.9;659.88
Bangladesh;1982;93074406;Asia;50.0;676.98
Bangladesh;1987;103764241;Asia;52.8;751.98
Bangladesh;1992;113704579;Asia;56.0;837.81
Bangladesh;1997;123315288;Asia;59.4;972.77
Bangladesh;2002;135656790;Asia;62.0;1136.39
Bangladesh;2007;150448339;Asia;64.1;1391.25
Belgium;1952;8730405;Europe;68.0;8343.11
Belgium;1957;8989111;Europe;69.2;9714.96
Belgium;1962;9218400;Europe;70.2;10991.21
Belgium;1967;9556500;Europe;70.9;13149.04
Belgium;1972;9709100;Europe;71.4;16672.14
Belgium;1977;9821800;Europe;72.8;19117.97
Belgium;1982;9856303;Europe;73.9;20979.85
Belgium;1987;9870200;Europe;75.4;22525.56
Belgium;1992;10045622;Europe;76.5;25575.57
Belgium;1997;10199787;Europe;77.5;27561.2
Belgium;2002;10311970;Europe;78.3;30485.88
Belgium;2007;10392226;Europe;79.4;33692.61
Benin;1952;1738315;Africa;38.2;1062.75
Benin;1957;1925173;Africa;40.4;959.6
Benin;1962;2151895;Africa;42.6;949.5
Benin;1967;2427334;Africa;44.9;1035.83
Benin;1972;2761407;Africa;47.0;1085.8
Benin;1977;3168267;Africa;49.2;1029.16
Benin;1982;3641603;Africa;50.9;1277.9
Benin;1987;4243788;Africa;52.3;1225.86
Benin;1992;4981671;Africa;53.9;1191.21
Benin;1997;6066080;Africa;54.8;1232.98
Benin;2002;7026113;Africa;54.4;1372.88
Benin;2007;8078314;Africa;56.7;1441.28
Bolivia;1952;2883315;Americas;40.4;2677.33
Bolivia;1957;3211738;Americas;41.9;2127.69
Bolivia;1962;3593918;Americas;43.4;2180.97
Bolivia;1967;4040665;Americas;45.0;2586.89
Bolivia;1972;4565872;Americas;46.7;2980.33
Bolivia;1977;5079716;Americas;50.0;3548.1
Bolivia;1982;5642224;Americas;53.9;3156.51
Bolivia;1987;6156369;Americas;57.3;2753.69
Bolivia;1992;6893451;Americas;60.0;2961.7
Bolivia;1997;7693188;Americas;62.0;3326.14
Bolivia;2002;8445134;Americas;63.9;3413.26
Bolivia;2007;9119152;Americas;65.6;3822.14
Bosnia and Herzegovina;1952;2791000;Europe;53.8;973.53
Bosnia and Herzegovina;1957;3076000;Europe;58.4;1353.99
Bosnia and Herzegovina;1962;3349000;Europe;61.9;1709.68
Bosnia and Herzegovina;1967;3585000;Europe;64.8;2172.35
Bosnia and Herzegovina;1972;3819000;Europe;67.4;2860.17
Bosnia and Herzegovina;1977;4086000;Europe;69.9;3528.48
Bosnia and Herzegovina;1982;4172693;Europe;70.7;4126.61
Bosnia and Herzegovina;1987;4338977;Europe;71.1;4314.11
Bosnia and Herzegovina;1992;4256013;Europe;72.2;2546.78
Bosnia and Herzegovina;1997;3607000;Europe;73.2;4766.36
Bosnia and Herzegovina;2002;4165416;Europe;74.1;6018.98
Bosnia and Herzegovina;2007;4552198;Europe;74.9;7446.3
Botswana;1952;442308;Africa;47.6;851.24
Botswana;1957;474639;Africa;49.6;918.23
Botswana;1962;512764;Africa;51.5;983.65
Botswana;1967;553541;Africa;53.3;1214.71
Botswana;1972;619351;Africa;56.0;2263.61
Botswana;1977;781472;Africa;59.3;3214.86
Botswana;1982;970347;Africa;61.5;4551.14
Botswana;1987;1151184;Africa;63.6;6205.88
Botswana;1992;1342614;Africa;62.7;7954.11
Botswana;1997;1536536;Africa;52.6;8647.14
Botswana;2002;1630347;Africa;46.6;11003.61
Botswana;2007;1639131;Africa;50.7;12569.85
Brazil;1952;56602560;Americas;50.9;2108.94
Brazil;1957;65551171;Americas;53.3;2487.37
Brazil;1962;76039390;Americas;55.7;3336.59
Brazil;1967;88049823;Americas;57.6;3429.86
Brazil;1972;100840058;Americas;59.5;4985.71
Brazil;1977;114313951;Americas;61.5;6660.12
Brazil;1982;128962939;Americas;63.3;7030.84
Brazil;1987;142938076;Americas;65.2;7807.1
Brazil;1992;155975974;Americas;67.1;6950.28
Brazil;1997;168546719;Americas;69.4;7957.98
Brazil;2002;179914212;Americas;71.0;8131.21
Brazil;2007;190010647;Americas;72.4;9065.8
Bulgaria;1952;7274900;Europe;59.6;2444.29
Bulgaria;1957;7651254;Europe;66.6;3008.67
Bulgaria;1962;8012946;Europe;69.5;4254.34
Bulgaria;1967;8310226;Europe;70.4;5577.0
Bulgaria;1972;8576200;Europe;70.9;6597.49
Bulgaria;1977;8797022;Europe;70.8;7612.24
Bulgaria;1982;8892098;Europe;71.1;8224.19
Bulgaria;1987;8971958;Europe;71.3;8239.85
Bulgaria;1992;8658506;Europe;71.2;6302.62
Bulgaria;1997;8066057;Europe;70.3;5970.39
Bulgaria;2002;7661799;Europe;72.1;7696.78
Bulgaria;2007;7322858;Europe;73.0;10680.79
Burkina Faso;1952;4469979;Africa;32.0;543.26
Burkina Faso;1957;4713416;Africa;34.9;617.18
Burkina Faso;1962;4919632;Africa;37.8;722.51
Burkina Faso;1967;5127935;Africa;40.7;794.83
Burkina Faso;1972;5433886;Africa;43.6;854.74
Burkina Faso;1977;5889574;Africa;46.1;743.39
Burkina Faso;1982;6634596;Africa;48.1;807.2
Burkina Faso;1987;7586551;Africa;49.6;912.06
Burkina Faso;1992;8878303;Africa;50.3;931.75
Burkina Faso;1997;10352843;Africa;50.3;946.29
Burkina Faso;2002;12251209;Africa;50.6;1037.65
Burkina Faso;2007;14326203;Africa;52.3;1217.03
Burundi;1952;2445618;Africa;39.0;339.3
Burundi;1957;2667518;Africa;40.5;379.56
Burundi;1962;2961915;Africa;42.0;355.2
Burundi;1967;3330989;Africa;43.5;412.98
Burundi;1972;3529983;Africa;44.1;464.1
Burundi;1977;3834415;Africa;45.9;556.1
Burundi;1982;4580410;Africa;47.5;559.6
Burundi;1987;5126023;Africa;48.2;621.82
Burundi;1992;5809236;Africa;44.7;631.7
Burundi;1997;6121610;Africa;45.3;463.12
Burundi;2002;7021078;Africa;47.4;446.4
Burundi;2007;8390505;Africa;49.6;430.07
Cambodia;1952;4693836;Asia;39.4;368.47
Cambodia;1957;5322536;Asia;41.4;434.04
Cambodia;1962;6083619;Asia;43.4;496.91
Cambodia;1967;6960067;Asia;45.4;523.43
Cambodia;1972;7450606;Asia;40.3;421.62
Cambodia;1977;6978607;Asia;31.2;524.97
Cambodia;1982;7272485;Asia;51.0;624.48
Cambodia;1987;8371791;Asia;53.9;683.9
Cambodia;1992;10150094;Asia;55.8;682.3
Cambodia;1997;11782962;Asia;56.5;734.29
Cambodia;2002;12926707;Asia;56.8;896.23
Cambodia;2007;14131858;Asia;59.7;1713.78
Cameroon;1952;5009067;Africa;38.5;1172.67
Cameroon;1957;5359923;Africa;40.4;1313.05
Cameroon;1962;5793633;Africa;42.6;1399.61
Cameroon;1967;6335506;Africa;44.8;1508.45
Cameroon;1972;7021028;Africa;47.0;1684.15
Cameroon;1977;7959865;Africa;49.4;1783.43
Cameroon;1982;9250831;Africa;53.0;2367.98
Cameroon;1987;10780667;Africa;55.0;2602.66
Cameroon;1992;12467171;Africa;54.3;1793.16
Cameroon;1997;14195809;Africa;52.2;1694.34
Cameroon;2002;15929988;Africa;49.9;1934.01
Cameroon;2007;17696293;Africa;50.4;2042.1
Canada;1952;14785584;Americas;68.8;11367.16
Canada;1957;17010154;Americas;70.0;12489.95
Canada;1962;18985849;Americas;71.3;13462.49
Canada;1967;20819767;Americas;72.1;16076.59
Canada;1972;22284500;Americas;72.9;18970.57
Canada;1977;23796400;Americas;74.2;22090.88
Canada;1982;25201900;Americas;75.8;22898.79
Canada;1987;26549700;Americas;76.9;26626.52
Canada;1992;28523502;Americas;78.0;26342.88
Canada;1997;30305843;Americas;78.6;28954.93
Canada;2002;31902268;Americas;79.8;33328.97
Canada;2007;33390141;Americas;80.7;36319.24
Central African Republic;1952;1291695;Africa;35.5;1071.31
Central African Republic;1957;1392284;Africa;37.5;1190.84
Central African Republic;1962;1523478;Africa;39.5;1193.07
Central African Republic;1967;1733638;Africa;41.5;1136.06
Central African Republic;1972;1927260;Africa;43.5;1070.01
Central African Republic;1977;2167533;Africa;46.8;1109.37
Central African Republic;1982;2476971;Africa;48.3;956.75
Central African Republic;1987;2840009;Africa;50.5;844.88
Central African Republic;1992;3265124;Africa;49.4;747.91
Central African Republic;1997;3696513;Africa;46.1;740.51
Central African Republic;2002;4048013;Africa;43.3;738.69
Central African Republic;2007;4369038;Africa;44.7;706.02
Chad;1952;2682462;Africa;38.1;1178.67
Chad;1957;2894855;Africa;39.9;1308.5
Chad;1962;3150417;Africa;41.7;1389.82
Chad;1967;3495967;Africa;43.6;1196.81
Chad;1972;3899068;Africa;45.6;1104.1
Chad;1977;4388260;Africa;47.4;1133.98
Chad;1982;4875118;Africa;49.5;797.91
Chad;1987;5498955;Africa;51.1;952.39
Chad;1992;6429417;Africa;51.7;1058.06
Chad;1997;7562011;Africa;51.6;1004.96
Chad;2002;8835739;Africa;50.5;1156.18
Chad;2007;10238807;Africa;50.7;1704.06
Chile;1952;6377619;Americas;54.7;3939.98
Chile;1957;7048426;Americas;56.1;4315.62
Chile;1962;7961258;Americas;57.9;4519.09
Chile;1967;8858908;Americas;60.5;5106.65
Chile;1972;9717524;Americas;63.4;5494.02
Chile;1977;10599793;Americas;67.1;4756.76
Chile;1982;11487112;Americas;70.6;5095.67
Chile;1987;12463354;Americas;72.5;5547.06
Chile;1992;13572994;Americas;74.1;7596.13
Chile;1997;14599929;Americas;75.8;10118.05
Chile;2002;15497046;Americas;77.9;10778.78
Chile;2007;16284741;Americas;78.6;13171.64
China;1952;556263527;Asia;44.0;400.45
China;1957;637408000;Asia;50.5;575.99
China;1962;665770000;Asia;44.5;487.67
China;1967;754550000;Asia;58.4;612.71
China;1972;862030000;Asia;63.1;676.9
China;1977;943455000;Asia;64.0;741.24
China;1982;1000281000;Asia;65.5;962.42
China;1987;1084035000;Asia;67.3;1378.9
China;1992;1164970000;Asia;68.7;1655.78
China;1997;1230075000;Asia;70.4;2289.23
China;2002;1280400000;Asia;72.0;3119.28
China;2007;1318683096;Asia;73.0;4959.11
Colombia;1952;12350771;Americas;50.6;2144.12
Colombia;1957;14485993;Americas;55.1;2323.81
Colombia;1962;17009885;Americas;57.9;2492.35
Colombia;1967;19764027;Americas;60.0;2678.73
Colombia;1972;22542890;Americas;61.6;3264.66
Colombia;1977;25094412;Americas;63.8;3815.81
Colombia;1982;27764644;Americas;66.7;4397.58
Colombia;1987;30964245;Americas;67.8;4903.22
Colombia;1992;34202721;Americas;68.4;5444.65
Colombia;1997;37657830;Americas;70.3;6117.36
Colombia;2002;41008227;Americas;71.7;5755.26
Colombia;2007;44227550;Americas;72.9;7006.58
Comoros;1952;153936;Africa;40.7;1102.99
Comoros;1957;170928;Africa;42.5;1211.15
Comoros;1962;191689;Africa;44.5;1406.65
Comoros;1967;217378;Africa;46.5;1876.03
Comoros;1972;250027;Africa;48.9;1937.58
Comoros;1977;304739;Africa;50.9;1172.6
Comoros;1982;348643;Africa;52.9;1267.1
Comoros;1987;395114;Africa;54.9;1315.98
Comoros;1992;454429;Africa;57.9;1246.91
Comoros;1997;527982;Africa;60.7;1173.62
Comoros;2002;614382;Africa;63.0;1075.81
Comoros;2007;710960;Africa;65.2;986.15
Congo Dem. Rep.;1952;14100005;Africa;39.1;780.54
Congo Dem. Rep.;1957;15577932;Africa;40.7;905.86
Congo Dem. Rep.;1962;17486434;Africa;42.1;896.31
Congo Dem. Rep.;1967;19941073;Africa;44.1;861.59
Congo Dem. Rep.;1972;23007669;Africa;46.0;904.9
Congo Dem. Rep.;1977;26480870;Africa;47.8;795.76
Congo Dem. Rep.;1982;30646495;Africa;47.8;673.75
Congo Dem. Rep.;1987;35481645;Africa;47.4;672.77
Congo Dem. Rep.;1992;41672143;Africa;45.5;457.72
Congo Dem. Rep.;1997;47798986;Africa;42.6;312.19
Congo Dem. Rep.;2002;55379852;Africa;45.0;241.17
Congo Dem. Rep.;2007;64606759;Africa;46.5;277.55
Congo Rep.;1952;854885;Africa;42.1;2125.62
Congo Rep.;1957;940458;Africa;45.1;2315.06
Congo Rep.;1962;1047924;Africa;48.4;2464.78
Congo Rep.;1967;1179760;Africa;52.0;2677.94
Congo Rep.;1972;1340458;Africa;54.9;3213.15
Congo Rep.;1977;1536769;Africa;55.6;3259.18
Congo Rep.;1982;1774735;Africa;56.7;4879.51
Congo Rep.;1987;2064095;Africa;57.5;4201.19
Congo Rep.;1992;2409073;Africa;56.4;4016.24
Congo Rep.;1997;2800947;Africa;53.0;3484.16
Congo Rep.;2002;3328795;Africa;53.0;3484.06
Congo Rep.;2007;3800610;Africa;55.3;3632.56
Costa Rica;1952;926317;Americas;57.2;2627.01
Costa Rica;1957;1112300;Americas;60.0;2990.01
Costa Rica;1962;1345187;Americas;62.8;3460.94
Costa Rica;1967;1588717;Americas;65.4;4161.73
Costa Rica;1972;1834796;Americas;67.8;5118.15
Costa Rica;1977;2108457;Americas;70.8;5926.88
Costa Rica;1982;2424367;Americas;73.4;5262.73
Costa Rica;1987;2799811;Americas;74.8;5629.92
Costa Rica;1992;3173216;Americas;75.7;6160.42
Costa Rica;1997;3518107;Americas;77.3;6677.05
Costa Rica;2002;3834934;Americas;78.1;7723.45
Costa Rica;2007;4133884;Americas;78.8;9645.06
Cote d'Ivoire;1952;2977019;Africa;40.5;1388.59
Cote d'Ivoire;1957;3300000;Africa;42.5;1500.9
Cote d'Ivoire;1962;3832408;Africa;44.9;1728.87
Cote d'Ivoire;1967;4744870;Africa;47.4;2052.05
Cote d'Ivoire;1972;6071696;Africa;49.8;2378.2
Cote d'Ivoire;1977;7459574;Africa;52.4;2517.74
Cote d'Ivoire;1982;9025951;Africa;54.0;2602.71
Cote d'Ivoire;1987;10761098;Africa;54.7;2156.96
Cote d'Ivoire;1992;12772596;Africa;52.0;1648.07
Cote d'Ivoire;1997;14625967;Africa;48.0;1786.27
Cote d'Ivoire;2002;16252726;Africa;46.8;1648.8
Cote d'Ivoire;2007;18013409;Africa;48.3;1544.75
Croatia;1952;3882229;Europe;61.2;3119.24
Croatia;1957;3991242;Europe;64.8;4338.23
Croatia;1962;4076557;Europe;67.1;5477.89
Croatia;1967;4174366;Europe;68.5;6960.3
Croatia;1972;4225310;Europe;69.6;9164.09
Croatia;1977;4318673;Europe;70.6;11305.39
Croatia;1982;4413368;Europe;70.5;13221.82
Croatia;1987;4484310;Europe;71.5;13822.58
Croatia;1992;4494013;Europe;72.5;8447.79
Croatia;1997;4444595;Europe;73.7;9875.6
Croatia;2002;4481020;Europe;74.9;11628.39
Croatia;2007;4493312;Europe;75.7;14619.22
Cuba;1952;6007797;Americas;59.4;5586.54
Cuba;1957;6640752;Americas;62.3;6092.17
Cuba;1962;7254373;Americas;65.2;5180.76
Cuba;1967;8139332;Americas;68.3;5690.27
Cuba;1972;8831348;Americas;70.7;5305.45
Cuba;1977;9537988;Americas;72.6;6380.49
Cuba;1982;9789224;Americas;73.7;7316.92
Cuba;1987;10239839;Americas;74.2;7532.92
Cuba;1992;10723260;Americas;74.4;5592.84
Cuba;1997;10983007;Americas;76.2;5431.99
Cuba;2002;11226999;Americas;77.2;6340.65
Cuba;2007;11416987;Americas;78.3;8948.1
Czech Republic;1952;9125183;Europe;66.9;6876.14
Czech Republic;1957;9513758;Europe;69.0;8256.34
Czech Republic;1962;9620282;Europe;69.9;10136.87
Czech Republic;1967;9835109;Europe;70.4;11399.44
Czech Republic;1972;9862158;Europe;70.3;13108.45
Czech Republic;1977;10161915;Europe;70.7;14800.16
Czech Republic;1982;10303704;Europe;71.0;15377.23
Czech Republic;1987;10311597;Europe;71.6;16310.44
Czech Republic;1992;10315702;Europe;72.4;14297.02
Czech Republic;1997;10300707;Europe;74.0;16048.51
Czech Republic;2002;10256295;Europe;75.5;17596.21
Czech Republic;2007;10228744;Europe;76.5;22833.31
Denmark;1952;4334000;Europe;70.8;9692.39
Denmark;1957;4487831;Europe;71.8;11099.66
Denmark;1962;4646899;Europe;72.4;13583.31
Denmark;1967;4838800;Europe;73.0;15937.21
Denmark;1972;4991596;Europe;73.5;18866.21
Denmark;1977;5088419;Europe;74.7;20422.9
Denmark;1982;5117810;Europe;74.6;21688.04
Denmark;1987;5127024;Europe;74.8;25116.18
Denmark;1992;5171393;Europe;75.3;26406.74
Denmark;1997;5283663;Europe;76.1;29804.35
Denmark;2002;5374693;Europe;77.2;32166.5
Denmark;2007;5468120;Europe;78.3;35278.42
Djibouti;1952;63149;Africa;34.8;2669.53
Djibouti;1957;71851;Africa;37.3;2864.97
Djibouti;1962;89898;Africa;39.7;3020.99
Djibouti;1967;127617;Africa;42.1;3020.05
Djibouti;1972;178848;Africa;44.4;3694.21
Djibouti;1977;228694;Africa;46.5;3081.76
Djibouti;1982;305991;Africa;48.8;2879.47
Djibouti;1987;311025;Africa;50.0;2880.1
Djibouti;1992;384156;Africa;51.6;2377.16
Djibouti;1997;417908;Africa;53.2;1895.02
Djibouti;2002;447416;Africa;53.4;1908.26
Djibouti;2007;496374;Africa;54.8;2082.48
Dominican Republic;1952;2491346;Americas;45.9;1397.72
Dominican Republic;1957;2923186;Americas;49.8;1544.4
Dominican Republic;1962;3453434;Americas;53.5;1662.14
Dominican Republic;1967;4049146;Americas;56.8;1653.72
Dominican Republic;1972;4671329;Americas;59.6;2189.87
Dominican Republic;1977;5302800;Americas;61.8;2681.99
Dominican Republic;1982;5968349;Americas;63.7;2861.09
Dominican Republic;1987;6655297;Americas;66.0;2899.84
Dominican Republic;1992;7351181;Americas;68.5;3044.21
Dominican Republic;1997;7992357;Americas;70.0;3614.1
Dominican Republic;2002;8650322;Americas;70.8;4563.81
Dominican Republic;2007;9319622;Americas;72.2;6025.37
Ecuador;1952;3548753;Americas;48.4;3522.11
Ecuador;1957;4058385;Americas;51.4;3780.55
Ecuador;1962;4681707;Americas;54.6;4086.11
Ecuador;1967;5432424;Americas;56.7;4579.07
Ecuador;1972;6298651;Americas;58.8;5280.99
Ecuador;1977;7278866;Americas;61.3;6679.62
Ecuador;1982;8365850;Americas;64.3;7213.79
Ecuador;1987;9545158;Americas;67.2;6481.78
Ecuador;1992;10748394;Americas;69.6;7103.7
Ecuador;1997;11911819;Americas;72.3;7429.46
Ecuador;2002;12921234;Americas;74.2;5773.04
Ecuador;2007;13755680;Americas;75.0;6873.26
Egypt;1952;22223309;Africa;41.9;1418.82
Egypt;1957;25009741;Africa;44.4;1458.92
Egypt;1962;28173309;Africa;47.0;1693.34
Egypt;1967;31681188;Africa;49.3;1814.88
Egypt;1972;34807417;Africa;51.1;2024.01
Egypt;1977;38783863;Africa;53.3;2785.49
Egypt;1982;45681811;Africa;56.0;3503.73
Egypt;1987;52799062;Africa;59.8;3885.46
Egypt;1992;59402198;Africa;63.7;3794.76
Egypt;1997;66134291;Africa;67.2;4173.18
Egypt;2002;73312559;Africa;69.8;4754.6
Egypt;2007;80264543;Africa;71.3;5581.18
El Salvador;1952;2042865;Americas;45.3;3048.3
El Salvador;1957;2355805;Americas;48.6;3421.52
El Salvador;1962;2747687;Americas;52.3;3776.8
El Salvador;1967;3232927;Americas;55.9;4358.6
El Salvador;1972;3790903;Americas;58.2;4520.25
El Salvador;1977;4282586;Americas;56.7;5138.92
El Salvador;1982;4474873;Americas;56.6;4098.34
El Salvador;1987;4842194;Americas;63.2;4140.44
El Salvador;1992;5274649;Americas;66.8;4444.23
El Salvador;1997;5783439;Americas;69.5;5154.83
El Salvador;2002;6353681;Americas;70.7;5351.57
El Salvador;2007;6939688;Americas;71.9;5728.35
Equatorial Guinea;1952;216964;Africa;34.5;375.64
Equatorial Guinea;1957;232922;Africa;36.0;426.1
Equatorial Guinea;1962;249220;Africa;37.5;582.84
Equatorial Guinea;1967;259864;Africa;39.0;915.6
Equatorial Guinea;1972;277603;Africa;40.5;672.41
Equatorial Guinea;1977;192675;Africa;42.0;958.57
Equatorial Guinea;1982;285483;Africa;43.7;927.83
Equatorial Guinea;1987;341244;Africa;45.7;966.9
Equatorial Guinea;1992;387838;Africa;47.5;1132.06
Equatorial Guinea;1997;439971;Africa;48.2;2814.48
Equatorial Guinea;2002;495627;Africa;49.3;7703.5
Equatorial Guinea;2007;551201;Africa;51.6;12154.09
Eritrea;1952;1438760;Africa;35.9;328.94
Eritrea;1957;1542611;Africa;38.0;344.16
Eritrea;1962;1666618;Africa;40.2;381.0
Eritrea;1967;1820319;Africa;42.2;468.79
Eritrea;1972;2260187;Africa;44.1;514.32
Eritrea;1977;2512642;Africa;44.5;505.75
Eritrea;1982;2637297;Africa;43.9;524.88
Eritrea;1987;2915959;Africa;46.5;521.13
Eritrea;1992;3668440;Africa;50.0;582.86
Eritrea;1997;4058319;Africa;53.4;913.47
Eritrea;2002;4414865;Africa;55.2;765.35
Eritrea;2007;4906585;Africa;58.0;641.37
Ethiopia;1952;20860941;Africa;34.1;362.15
Ethiopia;1957;22815614;Africa;36.7;378.9
Ethiopia;1962;25145372;Africa;40.1;419.46
Ethiopia;1967;27860297;Africa;42.1;516.12
Ethiopia;1972;30770372;Africa;43.5;566.24
Ethiopia;1977;34617799;Africa;44.5;556.81
Ethiopia;1982;38111756;Africa;44.9;577.86
Ethiopia;1987;42999530;Africa;46.7;573.74
Ethiopia;1992;52088559;Africa;48.1;421.35
Ethiopia;1997;59861301;Africa;49.4;515.89
Ethiopia;2002;67946797;Africa;50.7;530.05
Ethiopia;2007;76511887;Africa;52.9;690.81
Finland;1952;4090500;Europe;66.6;6424.52
Finland;1957;4324000;Europe;67.5;7545.42
Finland;1962;4491443;Europe;68.8;9371.84
Finland;1967;4605744;Europe;69.8;10921.64
Finland;1972;4639657;Europe;70.9;14358.88
Finland;1977;4738902;Europe;72.5;15605.42
Finland;1982;4826933;Europe;74.6;18533.16
Finland;1987;4931729;Europe;74.8;21141.01
Finland;1992;5041039;Europe;75.7;20647.16
Finland;1997;5134406;Europe;77.1;23723.95
Finland;2002;5193039;Europe;78.4;28204.59
Finland;2007;5238460;Europe;79.3;33207.08
France;1952;42459667;Europe;67.4;7029.81
France;1957;44310863;Europe;68.9;8662.83
France;1962;47124000;Europe;70.5;10560.49
France;1967;49569000;Europe;71.6;12999.92
France;1972;51732000;Europe;72.4;16107.19
France;1977;53165019;Europe;73.8;18292.64
France;1982;54433565;Europe;74.9;20293.9
France;1987;55630100;Europe;76.3;22066.44
France;1992;57374179;Europe;77.5;24703.8
France;1997;58623428;Europe;78.6;25889.78
France;2002;59925035;Europe;79.6;28926.03
France;2007;61083916;Europe;80.7;30470.02
Gabon;1952;420702;Africa;37.0;4293.48
Gabon;1957;434904;Africa;39.0;4976.2
Gabon;1962;455661;Africa;40.5;6631.46
Gabon;1967;489004;Africa;44.6;8358.76
Gabon;1972;537977;Africa;48.7;11401.95
Gabon;1977;706367;Africa;52.8;21745.57
Gabon;1982;753874;Africa;56.6;15113.36
Gabon;1987;880397;Africa;60.2;11864.41
Gabon;1992;985739;Africa;61.4;13522.16
Gabon;1997;1126189;Africa;60.5;14722.84
Gabon;2002;1299304;Africa;56.8;12521.71
Gabon;2007;1454867;Africa;56.7;13206.48
Gambia;1952;284320;Africa;30.0;485.23
Gambia;1957;323150;Africa;32.1;520.93
Gambia;1962;374020;Africa;33.9;599.65
Gambia;1967;439593;Africa;35.9;734.78
Gambia;1972;517101;Africa;38.3;756.09
Gambia;1977;608274;Africa;41.8;884.76
Gambia;1982;715523;Africa;45.6;835.81
Gambia;1987;848406;Africa;49.3;611.66
Gambia;1992;1025384;Africa;52.6;665.62
Gambia;1997;1235767;Africa;55.9;653.73
Gambia;2002;1457766;Africa;58.0;660.59
Gambia;2007;1688359;Africa;59.4;752.75
Germany;1952;69145952;Europe;67.5;7144.11
Germany;1957;71019069;Europe;69.1;10187.83
Germany;1962;73739117;Europe;70.3;12902.46
Germany;1967;76368453;Europe;70.8;14745.63
Germany;1972;78717088;Europe;71.0;18016.18
Germany;1977;78160773;Europe;72.5;20512.92
Germany;1982;78335266;Europe;73.8;22031.53
Germany;1987;77718298;Europe;74.8;24639.19
Germany;1992;80597764;Europe;76.1;26505.3
Germany;1997;82011073;Europe;77.3;27788.88
Germany;2002;82350671;Europe;78.7;30035.8
Germany;2007;82400996;Europe;79.4;32170.37
Ghana;1952;5581001;Africa;43.1;911.3
Ghana;1957;6391288;Africa;44.8;1043.56
Ghana;1962;7355248;Africa;46.5;1190.04
Ghana;1967;8490213;Africa;48.1;1125.7
Ghana;1972;9354120;Africa;49.9;1178.22
Ghana;1977;10538093;Africa;51.8;993.22
Ghana;1982;11400338;Africa;53.7;876.03
Ghana;1987;14168101;Africa;55.7;847.01
Ghana;1992;16278738;Africa;57.5;925.06
Ghana;1997;18418288;Africa;58.6;1005.25
Ghana;2002;20550751;Africa;58.5;1111.98
Ghana;2007;22873338;Africa;60.0;1327.61
Greece;1952;7733250;Europe;65.9;3530.69
Greece;1957;8096218;Europe;67.9;4916.3
Greece;1962;8448233;Europe;69.5;6017.19
Greece;1967;8716441;Europe;71.0;8513.1
Greece;1972;8888628;Europe;72.3;12724.83
Greece;1977;9308479;Europe;73.7;14195.52
Greece;1982;9786480;Europe;75.2;15268.42
Greece;1987;9974490;Europe;76.7;16120.53
Greece;1992;10325429;Europe;77.0;17541.5
Greece;1997;10502372;Europe;77.9;18747.7
Greece;2002;10603863;Europe;78.3;22514.25
Greece;2007;10706290;Europe;79.5;27538.41
Guatemala;1952;3146381;Americas;42.0;2428.24
Guatemala;1957;3640876;Americas;44.1;2617.16
Guatemala;1962;4208858;Americas;47.0;2750.36
Guatemala;1967;4690773;Americas;50.0;3242.53
Guatemala;1972;5149581;Americas;53.7;4031.41
Guatemala;1977;5703430;Americas;56.0;4879.99
Guatemala;1982;6395630;Americas;58.1;4820.49
Guatemala;1987;7326406;Americas;60.8;4246.49
Guatemala;1992;8486949;Americas;63.4;4439.45
Guatemala;1997;9803875;Americas;66.3;4684.31
Guatemala;2002;11178650;Americas;69.0;4858.35
Guatemala;2007;12572928;Americas;70.3;5186.05
Guinea;1952;2664249;Africa;33.6;510.2
Guinea;1957;2876726;Africa;34.6;576.27
Guinea;1962;3140003;Africa;35.8;686.37
Guinea;1967;3451418;Africa;37.2;708.76
Guinea;1972;3811387;Africa;38.8;741.67
Guinea;1977;4227026;Africa;40.8;874.69
Guinea;1982;4710497;Africa;42.9;857.25
Guinea;1987;5650262;Africa;45.6;805.57
Guinea;1992;6990574;Africa;48.6;794.35
Guinea;1997;8048834;Africa;51.5;869.45
Guinea;2002;8807818;Africa;53.7;945.58
Guinea;2007;9947814;Africa;56.0;942.65
Guinea-Bissau;1952;580653;Africa;32.5;299.85
Guinea-Bissau;1957;601095;Africa;33.5;431.79
Guinea-Bissau;1962;627820;Africa;34.5;522.03
Guinea-Bissau;1967;601287;Africa;35.5;715.58
Guinea-Bissau;1972;625361;Africa;36.5;820.22
Guinea-Bissau;1977;745228;Africa;37.5;764.73
Guinea-Bissau;1982;825987;Africa;39.3;838.12
Guinea-Bissau;1987;927524;Africa;41.2;736.42
Guinea-Bissau;1992;1050938;Africa;43.3;745.54
Guinea-Bissau;1997;1193708;Africa;44.9;796.66
Guinea-Bissau;2002;1332459;Africa;45.5;575.7
Guinea-Bissau;2007;1472041;Africa;46.4;579.23
Haiti;1952;3201488;Americas;37.6;1840.37
Haiti;1957;3507701;Americas;40.7;1726.89
Haiti;1962;3880130;Americas;43.6;1796.59
Haiti;1967;4318137;Americas;46.2;1452.06
Haiti;1972;4698301;Americas;48.0;1654.46
Haiti;1977;4908554;Americas;49.9;1874.3
Haiti;1982;5198399;Americas;51.5;2011.16
Haiti;1987;5756203;Americas;53.6;1823.02
Haiti;1992;6326682;Americas;55.1;1456.31
Haiti;1997;6913545;Americas;56.7;1341.73
Haiti;2002;7607651;Americas;58.1;1270.36
Haiti;2007;8502814;Americas;60.9;1201.64
Honduras;1952;1517453;Americas;41.9;2194.93
Honduras;1957;1770390;Americas;44.7;2220.49
Honduras;1962;2090162;Americas;48.0;2291.16
Honduras;1967;2500689;Americas;50.9;2538.27
Honduras;1972;2965146;Americas;53.9;2529.84
Honduras;1977;3055235;Americas;57.4;3203.21
Honduras;1982;3669448;Americas;60.9;3121.76
Honduras;1987;4372203;Americas;64.5;3023.1
Honduras;1992;5077347;Americas;66.4;3081.69
Honduras;1997;5867957;Americas;67.7;3160.45
Honduras;2002;6677328;Americas;68.6;3099.73
Honduras;2007;7483763;Americas;70.2;3548.33
Hong Kong China;1952;2125900;Asia;61.0;3054.42
Hong Kong China;1957;2736300;Asia;64.8;3629.08
Hong Kong China;1962;3305200;Asia;67.6;4692.65
Hong Kong China;1967;3722800;Asia;70.0;6197.96
Hong Kong China;1972;4115700;Asia;72.0;8315.93
Hong Kong China;1977;4583700;Asia;73.6;11186.14
Hong Kong China;1982;5264500;Asia;75.4;14560.53
Hong Kong China;1987;5584510;Asia;76.2;20038.47
Hong Kong China;1992;5829696;Asia;77.6;24757.6
Hong Kong China;1997;6495918;Asia;80.0;28377.63
Hong Kong China;2002;6762476;Asia;81.5;30209.02
Hong Kong China;2007;6980412;Asia;82.2;39724.98
Hungary;1952;9504000;Europe;64.0;5263.67
Hungary;1957;9839000;Europe;66.4;6040.18
Hungary;1962;10063000;Europe;68.0;7550.36
Hungary;1967;10223422;Europe;69.5;9326.64
Hungary;1972;10394091;Europe;69.8;10168.66
Hungary;1977;10637171;Europe;70.0;11674.84
Hungary;1982;10705535;Europe;69.4;12545.99
Hungary;1987;10612740;Europe;69.6;12986.48
Hungary;1992;10348684;Europe;69.2;10535.63
Hungary;1997;10244684;Europe;71.0;11712.78
Hungary;2002;10083313;Europe;72.6;14843.94
Hungary;2007;9956108;Europe;73.3;18008.94
Iceland;1952;147962;Europe;72.5;7267.69
Iceland;1957;165110;Europe;73.5;9244.0
Iceland;1962;182053;Europe;73.7;10350.16
Iceland;1967;198676;Europe;73.7;13319.9
Iceland;1972;209275;Europe;74.5;15798.06
Iceland;1977;221823;Europe;76.1;19654.96
Iceland;1982;233997;Europe;77.0;23269.61
Iceland;1987;244676;Europe;77.2;26923.21
Iceland;1992;259012;Europe;78.8;25144.39
Iceland;1997;271192;Europe;79.0;28061.1
Iceland;2002;288030;Europe;80.5;31163.2
Iceland;2007;301931;Europe;81.8;36180.79
India;1952;372000000;Asia;37.4;546.57
India;1957;409000000;Asia;40.2;590.06
India;1962;454000000;Asia;43.6;658.35
India;1967;506000000;Asia;47.2;700.77
India;1972;567000000;Asia;50.7;724.03
India;1977;634000000;Asia;54.2;813.34
India;1982;708000000;Asia;56.6;855.72
India;1987;788000000;Asia;58.6;976.51
India;1992;872000000;Asia;60.2;1164.41
India;1997;959000000;Asia;61.8;1458.82
India;2002;1034172547;Asia;62.9;1746.77
India;2007;1110396331;Asia;64.7;2452.21
Indonesia;1952;82052000;Asia;37.5;749.68
Indonesia;1957;90124000;Asia;39.9;858.9
Indonesia;1962;99028000;Asia;42.5;849.29
Indonesia;1967;109343000;Asia;46.0;762.43
Indonesia;1972;121282000;Asia;49.2;1111.11
Indonesia;1977;136725000;Asia;52.7;1382.7
Indonesia;1982;153343000;Asia;56.2;1516.87
Indonesia;1987;169276000;Asia;60.1;1748.36
Indonesia;1992;184816000;Asia;62.7;2383.14
Indonesia;1997;199278000;Asia;66.0;3119.34
Indonesia;2002;211060000;Asia;68.6;2873.91
Indonesia;2007;223547000;Asia;70.6;3540.65
Iran;1952;17272000;Asia;44.9;3035.33
Iran;1957;19792000;Asia;47.2;3290.26
Iran;1962;22874000;Asia;49.3;4187.33
Iran;1967;26538000;Asia;52.5;5906.73
Iran;1972;30614000;Asia;55.2;9613.82
Iran;1977;35480679;Asia;57.7;11888.6
Iran;1982;43072751;Asia;59.6;7608.33
Iran;1987;51889696;Asia;63.0;6642.88
Iran;1992;60397973;Asia;65.7;7235.65
Iran;1997;63327987;Asia;68.0;8263.59
Iran;2002;66907826;Asia;69.5;9240.76
Iran;2007;69453570;Asia;71.0;11605.71
Iraq;1952;5441766;Asia;45.3;4129.77
Iraq;1957;6248643;Asia;48.4;6229.33
Iraq;1962;7240260;Asia;51.5;8341.74
Iraq;1967;8519282;Asia;54.5;8931.46
Iraq;1972;10061506;Asia;57.0;9576.04
Iraq;1977;11882916;Asia;60.4;14688.24
Iraq;1982;14173318;Asia;62.0;14517.91
Iraq;1987;16543189;Asia;65.0;11643.57
Iraq;1992;17861905;Asia;59.5;3745.64
Iraq;1997;20775703;Asia;58.8;3076.24
Iraq;2002;24001816;Asia;57.0;4390.72
Iraq;2007;27499638;Asia;59.5;4471.06
Ireland;1952;2952156;Europe;66.9;5210.28
Ireland;1957;2878220;Europe;68.9;5599.08
Ireland;1962;2830000;Europe;70.3;6631.6
Ireland;1967;2900100;Europe;71.1;7655.57
Ireland;1972;3024400;Europe;71.3;9530.77
Ireland;1977;3271900;Europe;72.0;11150.98
Ireland;1982;3480000;Europe;73.1;12618.32
Ireland;1987;3539900;Europe;74.4;13872.87
Ireland;1992;3557761;Europe;75.5;17558.82
Ireland;1997;3667233;Europe;76.1;24521.95
Ireland;2002;3879155;Europe;77.8;34077.05
Ireland;2007;4109086;Europe;78.9;40676.0
Israel;1952;1620914;Asia;65.4;4086.52
Israel;1957;1944401;Asia;67.8;5385.28
Israel;1962;2310904;Asia;69.4;7105.63
Israel;1967;2693585;Asia;70.8;8393.74
Israel;1972;3095893;Asia;71.6;12786.93
Israel;1977;3495918;Asia;73.1;13306.62
Israel;1982;3858421;Asia;74.4;15367.03
Israel;1987;4203148;Asia;75.6;17122.48
Israel;1992;4936550;Asia;76.9;18051.52
Israel;1997;5531387;Asia;78.3;20896.61
Israel;2002;6029529;Asia;79.7;21905.6
Israel;2007;6426679;Asia;80.7;25523.28
Italy;1952;47666000;Europe;65.9;4931.4
Italy;1957;49182000;Europe;67.8;6248.66
Italy;1962;50843200;Europe;69.2;8243.58
Italy;1967;52667100;Europe;71.1;10022.4
Italy;1972;54365564;Europe;72.2;12269.27
Italy;1977;56059245;Europe;73.5;14255.98
Italy;1982;56535636;Europe;75.0;16537.48
Italy;1987;56729703;Europe;76.4;19207.23
Italy;1992;56840847;Europe;77.4;22013.64
Italy;1997;57479469;Europe;78.8;24675.02
Italy;2002;57926999;Europe;80.2;27968.1
Italy;2007;58147733;Europe;80.5;28569.72
Jamaica;1952;1426095;Americas;58.5;2898.53
Jamaica;1957;1535090;Americas;62.6;4756.53
Jamaica;1962;1665128;Americas;65.6;5246.11
Jamaica;1967;1861096;Americas;67.5;6124.7
Jamaica;1972;1997616;Americas;69.0;7433.89
Jamaica;1977;2156814;Americas;70.1;6650.2
Jamaica;1982;2298309;Americas;71.2;6068.05
Jamaica;1987;2326606;Americas;71.8;6351.24
Jamaica;1992;2378618;Americas;71.8;7404.92
Jamaica;1997;2531311;Americas;72.3;7121.92
Jamaica;2002;2664659;Americas;72.0;6994.77
Jamaica;2007;2780132;Americas;72.6;7320.88
Japan;1952;86459025;Asia;63.0;3216.96
Japan;1957;91563009;Asia;65.5;4317.69
Japan;1962;95831757;Asia;68.7;6576.65
Japan;1967;100825279;Asia;71.4;9847.79
Japan;1972;107188273;Asia;73.4;14778.79
Japan;1977;113872473;Asia;75.4;16610.38
Japan;1982;118454974;Asia;77.1;19384.11
Japan;1987;122091325;Asia;78.7;22375.94
Japan;1992;124329269;Asia;79.4;26824.9
Japan;1997;125956499;Asia;80.7;28816.58
Japan;2002;127065841;Asia;82.0;28604.59
Japan;2007;127467972;Asia;82.6;31656.07
Jordan;1952;607914;Asia;43.2;1546.91
Jordan;1957;746559;Asia;45.7;1886.08
Jordan;1962;933559;Asia;48.1;2348.01
Jordan;1967;1255058;Asia;51.6;2741.8
Jordan;1972;1613551;Asia;56.5;2110.86
Jordan;1977;1937652;Asia;61.1;2852.35
Jordan;1982;2347031;Asia;63.7;4161.42
Jordan;1987;2820042;Asia;65.9;4448.68
Jordan;1992;3867409;Asia;68.0;3431.59
Jordan;1997;4526235;Asia;69.8;3645.38
Jordan;2002;5307470;Asia;71.3;3844.92
Jordan;2007;6053193;Asia;72.5;4519.46
Kenya;1952;6464046;Africa;42.3;853.54
Kenya;1957;7454779;Africa;44.7;944.44
Kenya;1962;8678557;Africa;47.9;896.97
Kenya;1967;10191512;Africa;50.7;1056.74
Kenya;1972;12044785;Africa;53.6;1222.36
Kenya;1977;14500404;Africa;56.2;1267.61
Kenya;1982;17661452;Africa;58.8;1348.23
Kenya;1987;21198082;Africa;59.3;1361.94
Kenya;1992;25020539;Africa;59.3;1341.92
Kenya;1997;28263827;Africa;54.4;1360.49
Kenya;2002;31386842;Africa;51.0;1287.51
Kenya;2007;35610177;Africa;54.1;1463.25
Korea Dem. Rep.;1952;8865488;Asia;50.1;1088.28
Korea Dem. Rep.;1957;9411381;Asia;54.1;1571.13
Korea Dem. Rep.;1962;10917494;Asia;56.7;1621.69
Korea Dem. Rep.;1967;12617009;Asia;59.9;2143.54
Korea Dem. Rep.;1972;14781241;Asia;64.0;3701.62
Korea Dem. Rep.;1977;16325320;Asia;67.2;4106.3
Korea Dem. Rep.;1982;17647518;Asia;69.1;4106.53
Korea Dem. Rep.;1987;19067554;Asia;70.6;4106.49
Korea Dem. Rep.;1992;20711375;Asia;70.0;3726.06
Korea Dem. Rep.;1997;21585105;Asia;67.7;1690.76
Korea Dem. Rep.;2002;22215365;Asia;66.7;1646.76
Korea Dem. Rep.;2007;23301725;Asia;67.3;1593.07
Korea Rep.;1952;20947571;Asia;47.5;1030.59
Korea Rep.;1957;22611552;Asia;52.7;1487.59
Korea Rep.;1962;26420307;Asia;55.3;1536.34
Korea Rep.;1967;30131000;Asia;57.7;2029.23
Korea Rep.;1972;33505000;Asia;62.6;3030.88
Korea Rep.;1977;36436000;Asia;64.8;4657.22
Korea Rep.;1982;39326000;Asia;67.1;5622.94
Korea Rep.;1987;41622000;Asia;69.8;8533.09
Korea Rep.;1992;43805450;Asia;72.2;12104.28
Korea Rep.;1997;46173816;Asia;74.6;15993.53
Korea Rep.;2002;47969150;Asia;77.0;19233.99
Korea Rep.;2007;49044790;Asia;78.6;23348.14
Kuwait;1952;160000;Asia;55.6;108382.35
Kuwait;1957;212846;Asia;58.0;113523.13
Kuwait;1962;358266;Asia;60.5;95458.11
Kuwait;1967;575003;Asia;64.6;80894.88
Kuwait;1972;841934;Asia;67.7;109347.87
Kuwait;1977;1140357;Asia;69.3;59265.48
Kuwait;1982;1497494;Asia;71.3;31354.04
Kuwait;1987;1891487;Asia;74.2;28118.43
Kuwait;1992;1418095;Asia;75.2;34932.92
Kuwait;1997;1765345;Asia;76.2;40300.62
Kuwait;2002;2111561;Asia;76.9;35110.11
Kuwait;2007;2505559;Asia;77.6;47306.99
Lebanon;1952;1439529;Asia;55.9;4834.8
Lebanon;1957;1647412;Asia;59.5;6089.79
Lebanon;1962;1886848;Asia;62.1;5714.56
Lebanon;1967;2186894;Asia;63.9;6006.98
Lebanon;1972;2680018;Asia;65.4;7486.38
Lebanon;1977;3115787;Asia;66.1;8659.7
Lebanon;1982;3086876;Asia;67.0;7640.52
Lebanon;1987;3089353;Asia;67.9;5377.09
Lebanon;1992;3219994;Asia;69.3;6890.81
Lebanon;1997;3430388;Asia;70.3;8754.96
Lebanon;2002;3677780;Asia;71.0;9313.94
Lebanon;2007;3921278;Asia;72.0;10461.06
Lesotho;1952;748747;Africa;42.1;298.85
Lesotho;1957;813338;Africa;45.0;336.0
Lesotho;1962;893143;Africa;47.7;411.8
Lesotho;1967;996380;Africa;48.5;498.64
Lesotho;1972;1116779;Africa;49.8;496.58
Lesotho;1977;1251524;Africa;52.2;745.37
Lesotho;1982;1411807;Africa;55.1;797.26
Lesotho;1987;1599200;Africa;57.2;773.99
Lesotho;1992;1803195;Africa;59.7;977.49
Lesotho;1997;1982823;Africa;55.6;1186.15
Lesotho;2002;2046772;Africa;44.6;1275.18
Lesotho;2007;2012649;Africa;42.6;1569.33
Liberia;1952;863308;Africa;38.5;575.57
Liberia;1957;975950;Africa;39.5;620.97
Liberia;1962;1112796;Africa;40.5;634.2
Liberia;1967;1279406;Africa;41.5;713.6
Liberia;1972;1482628;Africa;42.6;803.01
Liberia;1977;1703617;Africa;43.8;640.32
Liberia;1982;1956875;Africa;44.9;572.2
Liberia;1987;2269414;Africa;46.0;506.11
Liberia;1992;1912974;Africa;40.8;636.62
Liberia;1997;2200725;Africa;42.2;609.17
Liberia;2002;2814651;Africa;43.8;531.48
Liberia;2007;3193942;Africa;45.7;414.51
Libya;1952;1019729;Africa;42.7;2387.55
Libya;1957;1201578;Africa;45.3;3448.28
Libya;1962;1441863;Africa;47.8;6757.03
Libya;1967;1759224;Africa;50.2;18772.75
Libya;1972;2183877;Africa;52.8;21011.5
Libya;1977;2721783;Africa;57.4;21951.21
Libya;1982;3344074;Africa;62.2;17364.28
Libya;1987;3799845;Africa;66.2;11770.59
Libya;1992;4364501;Africa;68.8;9640.14
Libya;1997;4759670;Africa;71.6;9467.45
Libya;2002;5368585;Africa;72.7;9534.68
Libya;2007;6036914;Africa;74.0;12057.5
Madagascar;1952;4762912;Africa;36.7;1443.01
Madagascar;1957;5181679;Africa;38.9;1589.2
Madagascar;1962;5703324;Africa;40.8;1643.39
Madagascar;1967;6334556;Africa;42.9;1634.05
Madagascar;1972;7082430;Africa;44.9;1748.56
Madagascar;1977;8007166;Africa;46.9;1544.23
Madagascar;1982;9171477;Africa;49.0;1302.88
Madagascar;1987;10568642;Africa;49.4;1155.44
Madagascar;1992;12210395;Africa;52.2;1040.68
Madagascar;1997;14165114;Africa;55.0;986.3
Madagascar;2002;16473477;Africa;57.3;894.64
Madagascar;2007;19167654;Africa;59.4;1044.77
Malawi;1952;2917802;Africa;36.3;369.17
Malawi;1957;3221238;Africa;37.2;416.37
Malawi;1962;3628608;Africa;38.4;427.9
Malawi;1967;4147252;Africa;39.5;495.51
Malawi;1972;4730997;Africa;41.8;584.62
Malawi;1977;5637246;Africa;43.8;663.22
Malawi;1982;6502825;Africa;45.6;632.8
Malawi;1987;7824747;Africa;47.5;635.52
Malawi;1992;10014249;Africa;49.4;563.2
Malawi;1997;10419991;Africa;47.5;692.28
Malawi;2002;11824495;Africa;45.0;665.42
Malawi;2007;13327079;Africa;48.3;759.35
Malaysia;1952;6748378;Asia;48.5;1831.13
Malaysia;1957;7739235;Asia;52.1;1810.07
Malaysia;1962;8906385;Asia;55.7;2036.88
Malaysia;1967;10154878;Asia;59.4;2277.74
Malaysia;1972;11441462;Asia;63.0;2849.09
Malaysia;1977;12845381;Asia;65.3;3827.92
Malaysia;1982;14441916;Asia;68.0;4920.36
Malaysia;1987;16331785;Asia;69.5;5249.8
Malaysia;1992;18319502;Asia;70.7;7277.91
Malaysia;1997;20476091;Asia;71.9;10132.91
Malaysia;2002;22662365;Asia;73.0;10206.98
Malaysia;2007;24821286;Asia;74.2;12451.66
Mali;1952;3838168;Africa;33.7;452.34
Mali;1957;4241884;Africa;35.3;490.38
Mali;1962;4690372;Africa;36.9;496.17
Mali;1967;5212416;Africa;38.5;545.01
Mali;1972;5828158;Africa;40.0;581.37
Mali;1977;6491649;Africa;41.7;686.4
Mali;1982;6998256;Africa;43.9;618.01
Mali;1987;7634008;Africa;46.4;684.17
Mali;1992;8416215;Africa;48.4;739.01
Mali;1997;9384984;Africa;49.9;790.26
Mali;2002;10580176;Africa;51.8;951.41
Mali;2007;12031795;Africa;54.5;1042.58
Mauritania;1952;1022556;Africa;40.5;743.12
Mauritania;1957;1076852;Africa;42.3;846.12
Mauritania;1962;1146757;Africa;44.2;1055.9
Mauritania;1967;1230542;Africa;46.3;1421.15
Mauritania;1972;1332786;Africa;48.4;1586.85
Mauritania;1977;1456688;Africa;50.9;1497.49
Mauritania;1982;1622136;Africa;53.6;1481.15
Mauritania;1987;1841240;Africa;56.1;1421.6
Mauritania;1992;2119465;Africa;58.3;1361.37
Mauritania;1997;2444741;Africa;60.4;1483.14
Mauritania;2002;2828858;Africa;62.2;1579.02
Mauritania;2007;3270065;Africa;64.2;1803.15
Mauritius;1952;516556;Africa;51.0;1967.96
Mauritius;1957;609816;Africa;58.1;2034.04
Mauritius;1962;701016;Africa;60.2;2529.07
Mauritius;1967;789309;Africa;61.6;2475.39
Mauritius;1972;851334;Africa;62.9;2575.48
Mauritius;1977;913025;Africa;64.9;3710.98
Mauritius;1982;992040;Africa;66.7;3688.04
Mauritius;1987;1042663;Africa;68.7;4783.59
Mauritius;1992;1096202;Africa;69.7;6058.25
Mauritius;1997;1149818;Africa;70.7;7425.71
Mauritius;2002;1200206;Africa;72.0;9021.82
Mauritius;2007;1250882;Africa;72.8;10956.99
Mexico;1952;30144317;Americas;50.8;3478.13
Mexico;1957;35015548;Americas;55.2;4131.55
Mexico;1962;41121485;Americas;58.3;4581.61
Mexico;1967;47995559;Americas;60.1;5754.73
Mexico;1972;55984294;Americas;62.4;6809.41
Mexico;1977;63759976;Americas;65.0;7674.93
Mexico;1982;71640904;Americas;67.4;9611.15
Mexico;1987;80122492;Americas;69.5;8688.16
Mexico;1992;88111030;Americas;71.5;9472.38
Mexico;1997;95895146;Americas;73.7;9767.3
Mexico;2002;102479927;Americas;74.9;10742.44
Mexico;2007;108700891;Americas;76.2;11977.57
Mongolia;1952;800663;Asia;42.2;786.57
Mongolia;1957;882134;Asia;45.2;912.66
Mongolia;1962;1010280;Asia;48.3;1056.35
Mongolia;1967;1149500;Asia;51.3;1226.04
Mongolia;1972;1320500;Asia;53.8;1421.74
Mongolia;1977;1528000;Asia;55.5;1647.51
Mongolia;1982;1756032;Asia;57.5;2000.6
Mongolia;1987;2015133;Asia;60.2;2338.01
Mongolia;1992;2312802;Asia;61.3;1785.4
Mongolia;1997;2494803;Asia;63.6;1902.25
Mongolia;2002;2674234;Asia;65.0;2140.74
Mongolia;2007;2874127;Asia;66.8;3095.77
Montenegro;1952;413834;Europe;59.2;2647.59
Montenegro;1957;442829;Europe;61.4;3682.26
Montenegro;1962;474528;Europe;63.7;4649.59
Montenegro;1967;501035;Europe;67.2;5907.85
Montenegro;1972;527678;Europe;70.6;7778.41
Montenegro;1977;560073;Europe;73.1;9595.93
Montenegro;1982;562548;Europe;74.1;11222.59
Montenegro;1987;569473;Europe;74.9;11732.51
Montenegro;1992;621621;Europe;75.4;7003.34
Montenegro;1997;692651;Europe;75.4;6465.61
Montenegro;2002;720230;Europe;74.0;6557.19
Montenegro;2007;684736;Europe;74.5;9253.9
Morocco;1952;9939217;Africa;42.9;1688.2
Morocco;1957;11406350;Africa;45.4;1642.0
Morocco;1962;13056604;Africa;47.9;1566.35
Morocco;1967;14770296;Africa;50.3;1711.04
Morocco;1972;16660670;Africa;52.9;1930.19
Morocco;1977;18396941;Africa;55.7;2370.62
Morocco;1982;20198730;Africa;59.6;2702.62
Morocco;1987;22987397;Africa;62.7;2755.05
Morocco;1992;25798239;Africa;65.4;2948.05
Morocco;1997;28529501;Africa;67.7;2982.1
Morocco;2002;31167783;Africa;69.6;3258.5
Morocco;2007;33757175;Africa;71.2;3820.18
Mozambique;1952;6446316;Africa;31.3;468.53
Mozambique;1957;7038035;Africa;33.8;495.59
Mozambique;1962;7788944;Africa;36.2;556.69
Mozambique;1967;8680909;Africa;38.1;566.67
Mozambique;1972;9809596;Africa;40.3;724.92
Mozambique;1977;11127868;Africa;42.5;502.32
Mozambique;1982;12587223;Africa;42.8;462.21
Mozambique;1987;12891952;Africa;42.9;389.88
Mozambique;1992;13160731;Africa;44.3;410.9
Mozambique;1997;16603334;Africa;46.3;472.35
Mozambique;2002;18473780;Africa;44.0;633.62
Mozambique;2007;19951656;Africa;42.1;823.69
Myanmar;1952;20092996;Asia;36.3;331.0
Myanmar;1957;21731844;Asia;41.9;350.0
Myanmar;1962;23634436;Asia;45.1;388.0
Myanmar;1967;25870271;Asia;49.4;349.0
Myanmar;1972;28466390;Asia;53.1;357.0
Myanmar;1977;31528087;Asia;56.1;371.0
Myanmar;1982;34680442;Asia;58.1;424.0
Myanmar;1987;38028578;Asia;58.3;385.0
Myanmar;1992;40546538;Asia;59.3;347.0
Myanmar;1997;43247867;Asia;60.3;415.0
Myanmar;2002;45598081;Asia;59.9;611.0
Myanmar;2007;47761980;Asia;62.1;944.0
Namibia;1952;485831;Africa;41.7;2423.78
Namibia;1957;548080;Africa;45.2;2621.45
Namibia;1962;621392;Africa;48.4;3173.22
Namibia;1967;706640;Africa;51.2;3793.69
Namibia;1972;821782;Africa;53.9;3746.08
Namibia;1977;977026;Africa;56.4;3876.49
Namibia;1982;1099010;Africa;59.0;4191.1
Namibia;1987;1278184;Africa;60.8;3693.73
Namibia;1992;1554253;Africa;62.0;3804.54
Namibia;1997;1774766;Africa;58.9;3899.52
Namibia;2002;1972153;Africa;51.5;4072.32
Namibia;2007;2055080;Africa;52.9;4811.06
Nepal;1952;9182536;Asia;36.2;545.87
Nepal;1957;9682338;Asia;37.7;597.94
Nepal;1962;10332057;Asia;39.4;652.4
Nepal;1967;11261690;Asia;41.5;676.44
Nepal;1972;12412593;Asia;44.0;674.79
Nepal;1977;13933198;Asia;46.7;694.11
Nepal;1982;15796314;Asia;49.6;718.37
Nepal;1987;17917180;Asia;52.5;775.63
Nepal;1992;20326209;Asia;55.7;897.74
Nepal;1997;23001113;Asia;59.4;1010.89
Nepal;2002;25873917;Asia;61.3;1057.21
Nepal;2007;28901790;Asia;63.8;1091.36
Netherlands;1952;10381988;Europe;72.1;8941.57
Netherlands;1957;11026383;Europe;73.0;11276.19
Netherlands;1962;11805689;Europe;73.2;12790.85
Netherlands;1967;12596822;Europe;73.8;15363.25
Netherlands;1972;13329874;Europe;73.8;18794.75
Netherlands;1977;13852989;Europe;75.2;21209.06
Netherlands;1982;14310401;Europe;76.0;21399.46
Netherlands;1987;14665278;Europe;76.8;23651.32
Netherlands;1992;15174244;Europe;77.4;26790.95
Netherlands;1997;15604464;Europe;78.0;30246.13
Netherlands;2002;16122830;Europe;78.5;33724.76
Netherlands;2007;16570613;Europe;79.8;36797.93
New Zealand;1952;1994794;Oceania;69.4;10556.58
New Zealand;1957;2229407;Oceania;70.3;12247.4
New Zealand;1962;2488550;Oceania;71.2;13175.68
New Zealand;1967;2728150;Oceania;71.5;14463.92
New Zealand;1972;2929100;Oceania;71.9;16046.04
New Zealand;1977;3164900;Oceania;72.2;16233.72
New Zealand;1982;3210650;Oceania;73.8;17632.41
New Zealand;1987;3317166;Oceania;74.3;19007.19
New Zealand;1992;3437674;Oceania;76.3;18363.32
New Zealand;1997;3676187;Oceania;77.6;21050.41
New Zealand;2002;3908037;Oceania;79.1;23189.8
New Zealand;2007;4115771;Oceania;80.2;25185.01
Nicaragua;1952;1165790;Americas;42.3;3112.36
Nicaragua;1957;1358828;Americas;45.4;3457.42
Nicaragua;1962;1590597;Americas;48.6;3634.36
Nicaragua;1967;1865490;Americas;51.9;4643.39
Nicaragua;1972;2182908;Americas;55.2;4688.59
Nicaragua;1977;2554598;Americas;57.5;5486.37
Nicaragua;1982;2979423;Americas;59.3;3470.34
Nicaragua;1987;3344353;Americas;62.0;2955.98
Nicaragua;1992;4017939;Americas;65.8;2170.15
Nicaragua;1997;4609572;Americas;68.4;2253.02
Nicaragua;2002;5146848;Americas;70.8;2474.55
Nicaragua;2007;5675356;Americas;72.9;2749.32
Niger;1952;3379468;Africa;37.4;761.88
Niger;1957;3692184;Africa;38.6;835.52
Niger;1962;4076008;Africa;39.5;997.77
Niger;1967;4534062;Africa;40.1;1054.38
Niger;1972;5060262;Africa;40.5;954.21
Niger;1977;5682086;Africa;41.3;808.9
Niger;1982;6437188;Africa;42.6;909.72
Niger;1987;7332638;Africa;44.6;668.3
Niger;1992;8392818;Africa;47.4;581.18
Niger;1997;9666252;Africa;51.3;580.31
Niger;2002;11140655;Africa;54.5;601.07
Niger;2007;12894865;Africa;56.9;619.68
Nigeria;1952;33119096;Africa;36.3;1077.28
Nigeria;1957;37173340;Africa;37.8;1100.59
Nigeria;1962;41871351;Africa;39.4;1150.93
Nigeria;1967;47287752;Africa;41.0;1014.51
Nigeria;1972;53740085;Africa;42.8;1698.39
Nigeria;1977;62209173;Africa;44.5;1981.95
Nigeria;1982;73039376;Africa;45.8;1576.97
Nigeria;1987;81551520;Africa;46.9;1385.03
Nigeria;1992;93364244;Africa;47.5;1619.85
Nigeria;1997;106207839;Africa;47.5;1624.94
Nigeria;2002;119901274;Africa;46.6;1615.29
Nigeria;2007;135031164;Africa;46.9;2013.98
Norway;1952;3327728;Europe;72.7;10095.42
Norway;1957;3491938;Europe;73.4;11653.97
Norway;1962;3638919;Europe;73.5;13450.4
Norway;1967;3786019;Europe;74.1;16361.88
Norway;1972;3933004;Europe;74.3;18965.06
Norway;1977;4043205;Europe;75.4;23311.35
Norway;1982;4114787;Europe;76.0;26298.64
Norway;1987;4186147;Europe;75.9;31540.97
Norway;1992;4286357;Europe;77.3;33965.66
Norway;1997;4405672;Europe;78.3;41283.16
Norway;2002;4535591;Europe;79.0;44683.98
Norway;2007;4627926;Europe;80.2;49357.19
Oman;1952;507833;Asia;37.6;1828.23
Oman;1957;561977;Asia;40.1;2242.75
Oman;1962;628164;Asia;43.2;2924.64
Oman;1967;714775;Asia;47.0;4720.94
Oman;1972;829050;Asia;52.1;10618.04
Oman;1977;1004533;Asia;57.4;11848.34
Oman;1982;1301048;Asia;62.7;12954.79
Oman;1987;1593882;Asia;67.7;18115.22
Oman;1992;1915208;Asia;71.2;18616.71
Oman;1997;2283635;Asia;72.5;19702.06
Oman;2002;2713462;Asia;74.2;19774.84
Oman;2007;3204897;Asia;75.6;22316.19
Pakistan;1952;41346560;Asia;43.4;684.6
Pakistan;1957;46679944;Asia;45.6;747.08
Pakistan;1962;53100671;Asia;47.7;803.34
Pakistan;1967;60641899;Asia;49.8;942.41
Pakistan;1972;69325921;Asia;51.9;1049.94
Pakistan;1977;78152686;Asia;54.0;1175.92
Pakistan;1982;91462088;Asia;56.2;1443.43
Pakistan;1987;105186881;Asia;58.2;1704.69
Pakistan;1992;120065004;Asia;60.8;1971.83
Pakistan;1997;135564834;Asia;61.8;2049.35
Pakistan;2002;153403524;Asia;63.6;2092.71
Pakistan;2007;169270617;Asia;65.5;2605.95
Panama;1952;940080;Americas;55.2;2480.38
Panama;1957;1063506;Americas;59.2;2961.8
Panama;1962;1215725;Americas;61.8;3536.54
Panama;1967;1405486;Americas;64.1;4421.01
Panama;1972;1616384;Americas;66.2;5364.25
Panama;1977;1839782;Americas;68.7;5351.91
Panama;1982;2036305;Americas;70.5;7009.6
Panama;1987;2253639;Americas;71.5;7034.78
Panama;1992;2484997;Americas;72.5;6618.74
Panama;1997;2734531;Americas;73.7;7113.69
Panama;2002;2990875;Americas;74.7;7356.03
Panama;2007;3242173;Americas;75.5;9809.19
Paraguay;1952;1555876;Americas;62.6;1952.31
Paraguay;1957;1770902;Americas;63.2;2046.15
Paraguay;1962;2009813;Americas;64.4;2148.03
Paraguay;1967;2287985;Americas;65.0;2299.38
Paraguay;1972;2614104;Americas;65.8;2523.34
Paraguay;1977;2984494;Americas;66.4;3248.37
Paraguay;1982;3366439;Americas;66.9;4258.5
Paraguay;1987;3886512;Americas;67.4;3998.88
Paraguay;1992;4483945;Americas;68.2;4196.41
Paraguay;1997;5154123;Americas;69.4;4247.4
Paraguay;2002;5884491;Americas;70.8;3783.67
Paraguay;2007;6667147;Americas;71.8;4172.84
Peru;1952;8025700;Americas;43.9;3758.52
Peru;1957;9146100;Americas;46.3;4245.26
Peru;1962;10516500;Americas;49.1;4957.04
Peru;1967;12132200;Americas;51.4;5788.09
Peru;1972;13954700;Americas;55.4;5937.83
Peru;1977;15990099;Americas;58.4;6281.29
Peru;1982;18125129;Americas;61.4;6434.5
Peru;1987;20195924;Americas;64.1;6360.94
Peru;1992;22430449;Americas;66.5;4446.38
Peru;1997;24748122;Americas;68.4;5838.35
Peru;2002;26769436;Americas;69.9;5909.02
Peru;2007;28674757;Americas;71.4;7408.91
Philippines;1952;22438691;Asia;47.8;1272.88
Philippines;1957;26072194;Asia;51.3;1547.94
Philippines;1962;30325264;Asia;54.8;1649.55
Philippines;1967;35356600;Asia;56.4;1814.13
Philippines;1972;40850141;Asia;58.1;1989.37
Philippines;1977;46850962;Asia;60.1;2373.2
Philippines;1982;53456774;Asia;62.1;2603.27
Philippines;1987;60017788;Asia;64.2;2189.63
Philippines;1992;67185766;Asia;66.5;2279.32
Philippines;1997;75012988;Asia;68.6;2536.53
Philippines;2002;82995088;Asia;70.3;2650.92
Philippines;2007;91077287;Asia;71.7;3190.48
Poland;1952;25730551;Europe;61.3;4029.33
Poland;1957;28235346;Europe;65.8;4734.25
Poland;1962;30329617;Europe;67.6;5338.75
Poland;1967;31785378;Europe;69.6;6557.15
Poland;1972;33039545;Europe;70.8;8006.51
Poland;1977;34621254;Europe;70.7;9508.14
Poland;1982;36227381;Europe;71.3;8451.53
Poland;1987;37740710;Europe;71.0;9082.35
Poland;1992;38370697;Europe;71.0;7738.88
Poland;1997;38654957;Europe;72.8;10159.58
Poland;2002;38625976;Europe;74.7;12002.24
Poland;2007;38518241;Europe;75.6;15389.92
Portugal;1952;8526050;Europe;59.8;3068.32
Portugal;1957;8817650;Europe;61.5;3774.57
Portugal;1962;9019800;Europe;64.4;4727.95
Portugal;1967;9103000;Europe;66.6;6361.52
Portugal;1972;8970450;Europe;69.3;9022.25
Portugal;1977;9662600;Europe;70.4;10172.49
Portugal;1982;9859650;Europe;72.8;11753.84
Portugal;1987;9915289;Europe;74.1;13039.31
Portugal;1992;9927680;Europe;74.9;16207.27
Portugal;1997;10156415;Europe;76.0;17641.03
Portugal;2002;10433867;Europe;77.3;19970.91
Portugal;2007;10642836;Europe;78.1;20509.65
Puerto Rico;1952;2227000;Americas;64.3;3081.96
Puerto Rico;1957;2260000;Americas;68.5;3907.16
Puerto Rico;1962;2448046;Americas;69.6;5108.34
Puerto Rico;1967;2648961;Americas;71.1;6929.28
Puerto Rico;1972;2847132;Americas;72.2;9123.04
Puerto Rico;1977;3080828;Americas;73.4;9770.52
Puerto Rico;1982;3279001;Americas;73.8;10330.99
Puerto Rico;1987;3444468;Americas;74.6;12281.34
Puerto Rico;1992;3585176;Americas;73.9;14641.59
Puerto Rico;1997;3759430;Americas;74.9;16999.43
Puerto Rico;2002;3859606;Americas;77.8;18855.61
Puerto Rico;2007;3942491;Americas;78.7;19328.71
Reunion;1952;257700;Africa;52.7;2718.89
Reunion;1957;308700;Africa;55.1;2769.45
Reunion;1962;358900;Africa;57.7;3173.72
Reunion;1967;414024;Africa;60.5;4021.18
Reunion;1972;461633;Africa;64.3;5047.66
Reunion;1977;492095;Africa;67.1;4319.8
Reunion;1982;517810;Africa;69.9;5267.22
Reunion;1987;562035;Africa;71.9;5303.38
Reunion;1992;622191;Africa;73.6;6101.26
Reunion;1997;684810;Africa;74.8;6071.94
Reunion;2002;743981;Africa;75.7;6316.17
Reunion;2007;798094;Africa;76.4;7670.12
Romania;1952;16630000;Europe;61.0;3144.61
Romania;1957;17829327;Europe;64.1;3943.37
Romania;1962;18680721;Europe;66.8;4735.0
Romania;1967;19284814;Europe;66.8;6470.87
Romania;1972;20662648;Europe;69.2;8011.41
Romania;1977;21658597;Europe;69.5;9356.4
Romania;1982;22356726;Europe;69.7;9605.31
Romania;1987;22686371;Europe;69.5;9696.27
Romania;1992;22797027;Europe;69.4;6598.41
Romania;1997;22562458;Europe;69.7;7346.55
Romania;2002;22404337;Europe;71.3;7885.36
Romania;2007;22276056;Europe;72.5;10808.48
Rwanda;1952;2534927;Africa;40.0;493.32
Rwanda;1957;2822082;Africa;41.5;540.29
Rwanda;1962;3051242;Africa;43.0;597.47
Rwanda;1967;3451079;Africa;44.1;510.96
Rwanda;1972;3992121;Africa;44.6;590.58
Rwanda;1977;4657072;Africa;45.0;670.08
Rwanda;1982;5507565;Africa;46.2;881.57
Rwanda;1987;6349365;Africa;44.0;847.99
Rwanda;1992;7290203;Africa;23.6;737.07
Rwanda;1997;7212583;Africa;36.1;589.94
Rwanda;2002;7852401;Africa;43.4;785.65
Rwanda;2007;8860588;Africa;46.2;863.09
Sao Tome and Principe;1952;60011;Africa;46.5;879.58
Sao Tome and Principe;1957;61325;Africa;48.9;860.74
Sao Tome and Principe;1962;65345;Africa;51.9;1071.55
Sao Tome and Principe;1967;70787;Africa;54.4;1384.84
Sao Tome and Principe;1972;76595;Africa;56.5;1532.99
Sao Tome and Principe;1977;86796;Africa;58.6;1737.56
Sao Tome and Principe;1982;98593;Africa;60.4;1890.22
Sao Tome and Principe;1987;110812;Africa;61.7;1516.53
Sao Tome and Principe;1992;125911;Africa;62.7;1428.78
Sao Tome and Principe;1997;145608;Africa;63.3;1339.08
Sao Tome and Principe;2002;170372;Africa;64.3;1353.09
Sao Tome and Principe;2007;199579;Africa;65.5;1598.44
Saudi Arabia;1952;4005677;Asia;39.9;6459.55
Saudi Arabia;1957;4419650;Asia;42.9;8157.59
Saudi Arabia;1962;4943029;Asia;45.9;11626.42
Saudi Arabia;1967;5618198;Asia;49.9;16903.05
Saudi Arabia;1972;6472756;Asia;53.9;24837.43
Saudi Arabia;1977;8128505;Asia;58.7;34167.76
Saudi Arabia;1982;11254672;Asia;63.0;33693.18
Saudi Arabia;1987;14619745;Asia;66.3;21198.26
Saudi Arabia;1992;16945857;Asia;68.8;24841.62
Saudi Arabia;1997;21229759;Asia;70.5;20586.69
Saudi Arabia;2002;24501530;Asia;71.6;19014.54
Saudi Arabia;2007;27601038;Asia;72.8;21654.83
Senegal;1952;2755589;Africa;37.3;1450.36
Senegal;1957;3054547;Africa;39.3;1567.65
Senegal;1962;3430243;Africa;41.5;1654.99
Senegal;1967;3965841;Africa;43.6;1612.4
Senegal;1972;4588696;Africa;45.8;1597.71
Senegal;1977;5260855;Africa;48.9;1561.77
Senegal;1982;6147783;Africa;52.4;1518.48
Senegal;1987;7171347;Africa;55.8;1441.72
Senegal;1992;8307920;Africa;58.2;1367.9
Senegal;1997;9535314;Africa;60.2;1392.37
Senegal;2002;10870037;Africa;61.6;1519.64
Senegal;2007;12267493;Africa;63.1;1712.47
Serbia;1952;6860147;Europe;58.0;3581.46
Serbia;1957;7271135;Europe;61.7;4981.09
Serbia;1962;7616060;Europe;64.5;6289.63
Serbia;1967;7971222;Europe;66.9;7991.71
Serbia;1972;8313288;Europe;68.7;10522.07
Serbia;1977;8686367;Europe;70.3;12980.67
Serbia;1982;9032824;Europe;70.2;15181.09
Serbia;1987;9230783;Europe;71.2;15870.88
Serbia;1992;9826397;Europe;71.7;9325.07
Serbia;1997;10336594;Europe;72.2;7914.32
Serbia;2002;10111559;Europe;73.2;7236.08
Serbia;2007;10150265;Europe;74.0;9786.53
Sierra Leone;1952;2143249;Africa;30.3;879.79
Sierra Leone;1957;2295678;Africa;31.6;1004.48
Sierra Leone;1962;2467895;Africa;32.8;1116.64
Sierra Leone;1967;2662190;Africa;34.1;1206.04
Sierra Leone;1972;2879013;Africa;35.4;1353.76
Sierra Leone;1977;3140897;Africa;36.8;1348.29
Sierra Leone;1982;3464522;Africa;38.4;1465.01
Sierra Leone;1987;3868905;Africa;40.0;1294.45
Sierra Leone;1992;4260884;Africa;38.3;1068.7
Sierra Leone;1997;4578212;Africa;39.9;574.65
Sierra Leone;2002;5359092;Africa;41.0;699.49
Sierra Leone;2007;6144562;Africa;42.6;862.54
Singapore;1952;1127000;Asia;60.4;2315.14
Singapore;1957;1445929;Asia;63.2;2843.1
Singapore;1962;1750200;Asia;65.8;3674.74
Singapore;1967;1977600;Asia;67.9;4977.42
Singapore;1972;2152400;Asia;69.5;8597.76
Singapore;1977;2325300;Asia;70.8;11210.09
Singapore;1982;2651869;Asia;71.8;15169.16
Singapore;1987;2794552;Asia;73.6;18861.53
Singapore;1992;3235865;Asia;75.8;24769.89
Singapore;1997;3802309;Asia;77.2;33519.48
Singapore;2002;4197776;Asia;78.8;36023.11
Singapore;2007;4553009;Asia;80.0;47143.18
Slovak Republic;1952;3558137;Europe;64.4;5074.66
Slovak Republic;1957;3844277;Europe;67.4;6093.26
Slovak Republic;1962;4237384;Europe;70.3;7481.11
Slovak Republic;1967;4442238;Europe;71.0;8412.9
Slovak Republic;1972;4593433;Europe;70.4;9674.17
Slovak Republic;1977;4827803;Europe;70.4;10922.66
Slovak Republic;1982;5048043;Europe;70.8;11348.55
Slovak Republic;1987;5199318;Europe;71.1;12037.27
Slovak Republic;1992;5302888;Europe;71.4;9498.47
Slovak Republic;1997;5383010;Europe;72.7;12126.23
Slovak Republic;2002;5410052;Europe;73.8;13638.78
Slovak Republic;2007;5447502;Europe;74.7;18678.31
Slovenia;1952;1489518;Europe;65.6;4215.04
Slovenia;1957;1533070;Europe;67.8;5862.28
Slovenia;1962;1582962;Europe;69.2;7402.3
Slovenia;1967;1646912;Europe;69.2;9405.49
Slovenia;1972;1694510;Europe;69.8;12383.49
Slovenia;1977;1746919;Europe;71.0;15277.03
Slovenia;1982;1861252;Europe;71.1;17866.72
Slovenia;1987;1945870;Europe;72.2;18678.53
Slovenia;1992;1999210;Europe;73.6;14214.72
Slovenia;1997;2011612;Europe;75.1;17161.11
Slovenia;2002;2011497;Europe;76.7;20660.02
Slovenia;2007;2009245;Europe;77.9;25768.26
Somalia;1952;2526994;Africa;33.0;1135.75
Somalia;1957;2780415;Africa;35.0;1258.15
Somalia;1962;3080153;Africa;37.0;1369.49
Somalia;1967;3428839;Africa;39.0;1284.73
Somalia;1972;3840161;Africa;41.0;1254.58
Somalia;1977;4353666;Africa;42.0;1450.99
Somalia;1982;5828892;Africa;43.0;1176.81
Somalia;1987;6921858;Africa;44.5;1093.24
Somalia;1992;6099799;Africa;39.7;926.96
Somalia;1997;6633514;Africa;43.8;930.6
Somalia;2002;7753310;Africa;45.9;882.08
Somalia;2007;9118773;Africa;48.2;926.14
South Africa;1952;14264935;Africa;45.0;4725.3
South Africa;1957;16151549;Africa;48.0;5487.1
South Africa;1962;18356657;Africa;50.0;5768.73
South Africa;1967;20997321;Africa;51.9;7114.48
South Africa;1972;23935810;Africa;53.7;7765.96
South Africa;1977;27129932;Africa;55.5;8028.65
South Africa;1982;31140029;Africa;58.2;8568.27
South Africa;1987;35933379;Africa;60.8;7825.82
South Africa;1992;39964159;Africa;61.9;7225.07
South Africa;1997;42835005;Africa;60.2;7479.19
South Africa;2002;44433622;Africa;53.4;7710.95
South Africa;2007;43997828;Africa;49.3;9269.66
Spain;1952;28549870;Europe;64.9;3834.03
Spain;1957;29841614;Europe;66.7;4564.8
Spain;1962;31158061;Europe;69.7;5693.84
Spain;1967;32850275;Europe;71.4;7993.51
Spain;1972;34513161;Europe;73.1;10638.75
Spain;1977;36439000;Europe;74.4;13236.92
Spain;1982;37983310;Europe;76.3;13926.17
Spain;1987;38880702;Europe;76.9;15764.98
Spain;1992;39549438;Europe;77.6;18603.06
Spain;1997;39855442;Europe;78.8;20445.3
Spain;2002;40152517;Europe;79.8;24835.47
Spain;2007;40448191;Europe;80.9;28821.06
Sri Lanka;1952;7982342;Asia;57.6;1083.53
Sri Lanka;1957;9128546;Asia;61.5;1072.55
Sri Lanka;1962;10421936;Asia;62.2;1074.47
Sri Lanka;1967;11737396;Asia;64.3;1135.51
Sri Lanka;1972;13016733;Asia;65.0;1213.4
Sri Lanka;1977;14116836;Asia;65.9;1348.78
Sri Lanka;1982;15410151;Asia;68.8;1648.08
Sri Lanka;1987;16495304;Asia;69.0;1876.77
Sri Lanka;1992;17587060;Asia;70.4;2153.74
Sri Lanka;1997;18698655;Asia;70.5;2664.48
Sri Lanka;2002;19576783;Asia;70.8;3015.38
Sri Lanka;2007;20378239;Asia;72.4;3970.1
Sudan;1952;8504667;Africa;38.6;1615.99
Sudan;1957;9753392;Africa;39.6;1770.34
Sudan;1962;11183227;Africa;40.9;1959.59
Sudan;1967;12716129;Africa;42.9;1688.0
Sudan;1972;14597019;Africa;45.1;1659.65
Sudan;1977;17104986;Africa;47.8;2202.99
Sudan;1982;20367053;Africa;50.3;1895.54
Sudan;1987;24725960;Africa;51.7;1507.82
Sudan;1992;28227588;Africa;53.6;1492.2
Sudan;1997;32160729;Africa;55.4;1632.21
Sudan;2002;37090298;Africa;56.4;1993.4
Sudan;2007;42292929;Africa;58.6;2602.39
Swaziland;1952;290243;Africa;41.4;1148.38
Swaziland;1957;326741;Africa;43.4;1244.71
Swaziland;1962;370006;Africa;45.0;1856.18
Swaziland;1967;420690;Africa;46.6;2613.1
Swaziland;1972;480105;Africa;49.6;3364.84
Swaziland;1977;551425;Africa;52.5;3781.41
Swaziland;1982;649901;Africa;55.6;3895.38
Swaziland;1987;779348;Africa;57.7;3984.84
Swaziland;1992;962344;Africa;58.5;3553.02
Swaziland;1997;1054486;Africa;54.3;3876.77
Swaziland;2002;1130269;Africa;43.9;4128.12
Swaziland;2007;1133066;Africa;39.6;4513.48
Sweden;1952;7124673;Europe;71.9;8527.84
Sweden;1957;7363802;Europe;72.5;9911.88
Sweden;1962;7561588;Europe;73.4;12329.44
Sweden;1967;7867931;Europe;74.2;15258.3
Sweden;1972;8122293;Europe;74.7;17832.02
Sweden;1977;8251648;Europe;75.4;18855.73
Sweden;1982;8325260;Europe;76.4;20667.38
Sweden;1987;8421403;Europe;77.2;23586.93
Sweden;1992;8718867;Europe;78.2;23880.02
Sweden;1997;8897619;Europe;79.4;25266.59
Sweden;2002;8954175;Europe;80.0;29341.63
Sweden;2007;9031088;Europe;80.9;33859.75
Switzerland;1952;4815000;Europe;69.6;14734.23
Switzerland;1957;5126000;Europe;70.6;17909.49
Switzerland;1962;5666000;Europe;71.3;20431.09
Switzerland;1967;6063000;Europe;72.8;22966.14
Switzerland;1972;6401400;Europe;73.8;27195.11
Switzerland;1977;6316424;Europe;75.4;26982.29
Switzerland;1982;6468126;Europe;76.2;28397.72
Switzerland;1987;6649942;Europe;77.4;30281.7
Switzerland;1992;6995447;Europe;78.0;31871.53
Switzerland;1997;7193761;Europe;79.4;32135.32
Switzerland;2002;7361757;Europe;80.6;34480.96
Switzerland;2007;7554661;Europe;81.7;37506.42
Syria;1952;3661549;Asia;45.9;1643.49
Syria;1957;4149908;Asia;48.3;2117.23
Syria;1962;4834621;Asia;50.3;2193.04
Syria;1967;5680812;Asia;53.7;1881.92
Syria;1972;6701172;Asia;57.3;2571.42
Syria;1977;7932503;Asia;61.2;3195.48
Syria;1982;9410494;Asia;64.6;3761.84
Syria;1987;11242847;Asia;67.0;3116.77
Syria;1992;13219062;Asia;69.2;3340.54
Syria;1997;15081016;Asia;71.5;4014.24
Syria;2002;17155814;Asia;73.1;4090.93
Syria;2007;19314747;Asia;74.1;4184.55
Taiwan;1952;8550362;Asia;58.5;1206.95
Taiwan;1957;10164215;Asia;62.4;1507.86
Taiwan;1962;11918938;Asia;65.2;1822.88
Taiwan;1967;13648692;Asia;67.5;2643.86
Taiwan;1972;15226039;Asia;69.4;4062.52
Taiwan;1977;16785196;Asia;70.6;5596.52
Taiwan;1982;18501390;Asia;72.2;7426.35
Taiwan;1987;19757799;Asia;73.4;11054.56
Taiwan;1992;20686918;Asia;74.3;15215.66
Taiwan;1997;21628605;Asia;75.2;20206.82
Taiwan;2002;22454239;Asia;77.0;23235.42
Taiwan;2007;23174294;Asia;78.4;28718.28
Tanzania;1952;8322925;Africa;41.2;716.65
Tanzania;1957;9452826;Africa;43.0;698.54
Tanzania;1962;10863958;Africa;44.2;722.0
Tanzania;1967;12607312;Africa;45.8;848.22
Tanzania;1972;14706593;Africa;47.6;915.99
Tanzania;1977;17129565;Africa;49.9;962.49
Tanzania;1982;19844382;Africa;50.6;874.24
Tanzania;1987;23040630;Africa;51.5;831.82
Tanzania;1992;26605473;Africa;50.4;825.68
Tanzania;1997;30686889;Africa;48.5;789.19
Tanzania;2002;34593779;Africa;49.7;899.07
Tanzania;2007;38139640;Africa;52.5;1107.48
Thailand;1952;21289402;Asia;50.8;757.8
Thailand;1957;25041917;Asia;53.6;793.58
Thailand;1962;29263397;Asia;56.1;1002.2
Thailand;1967;34024249;Asia;58.3;1295.46
Thailand;1972;39276153;Asia;60.4;1524.36
Thailand;1977;44148285;Asia;62.5;1961.22
Thailand;1982;48827160;Asia;64.6;2393.22
Thailand;1987;52910342;Asia;66.1;2982.65
Thailand;1992;56667095;Asia;67.3;4616.9
Thailand;1997;60216677;Asia;67.5;5852.63
Thailand;2002;62806748;Asia;68.6;5913.19
Thailand;2007;65068149;Asia;70.6;7458.4
Togo;1952;1219113;Africa;38.6;859.81
Togo;1957;1357445;Africa;41.2;925.91
Togo;1962;1528098;Africa;43.9;1067.53
Togo;1967;1735550;Africa;46.8;1477.6
Togo;1972;2056351;Africa;49.8;1649.66
Togo;1977;2308582;Africa;52.9;1532.78
Togo;1982;2644765;Africa;55.5;1344.58
Togo;1987;3154264;Africa;56.9;1202.2
Togo;1992;3747553;Africa;58.1;1034.3
Togo;1997;4320890;Africa;58.4;982.29
Togo;2002;4977378;Africa;57.6;886.22
Togo;2007;5701579;Africa;58.4;882.97
Trinidad and Tobago;1952;662850;Americas;59.1;3023.27
Trinidad and Tobago;1957;764900;Americas;61.8;4100.39
Trinidad and Tobago;1962;887498;Americas;64.9;4997.52
Trinidad and Tobago;1967;960155;Americas;65.4;5621.37
Trinidad and Tobago;1972;975199;Americas;65.9;6619.55
Trinidad and Tobago;1977;1039009;Americas;68.3;7899.55
Trinidad and Tobago;1982;1116479;Americas;68.8;9119.53
Trinidad and Tobago;1987;1191336;Americas;69.6;7388.6
Trinidad and Tobago;1992;1183669;Americas;69.9;7370.99
Trinidad and Tobago;1997;1138101;Americas;69.5;8792.57
Trinidad and Tobago;2002;1101832;Americas;69.0;11460.6
Trinidad and Tobago;2007;1056608;Americas;69.8;18008.51
Tunisia;1952;3647735;Africa;44.6;1468.48
Tunisia;1957;3950849;Africa;47.1;1395.23
Tunisia;1962;4286552;Africa;49.6;1660.3
Tunisia;1967;4786986;Africa;52.1;1932.36
Tunisia;1972;5303507;Africa;55.6;2753.29
Tunisia;1977;6005061;Africa;59.8;3120.88
Tunisia;1982;6734098;Africa;64.0;3560.23
Tunisia;1987;7724976;Africa;66.9;3810.42
Tunisia;1992;8523077;Africa;70.0;4332.72
Tunisia;1997;9231669;Africa;72.0;4876.8
Tunisia;2002;9770575;Africa;73.0;5722.9
Tunisia;2007;10276158;Africa;73.9;7092.92
Turkey;1952;22235677;Europe;43.6;1969.1
Turkey;1957;25670939;Europe;48.1;2218.75
Turkey;1962;29788695;Europe;52.1;2322.87
Turkey;1967;33411317;Europe;54.3;2826.36
Turkey;1972;37492953;Europe;57.0;3450.7
Turkey;1977;42404033;Europe;59.5;4269.12
Turkey;1982;47328791;Europe;61.0;4241.36
Turkey;1987;52881328;Europe;63.1;5089.04
Turkey;1992;58179144;Europe;66.1;5678.35
Turkey;1997;63047647;Europe;68.8;6601.43
Turkey;2002;67308928;Europe;70.8;6508.09
Turkey;2007;71158647;Europe;71.8;8458.28
Uganda;1952;5824797;Africa;40.0;734.75
Uganda;1957;6675501;Africa;42.6;774.37
Uganda;1962;7688797;Africa;45.3;767.27
Uganda;1967;8900294;Africa;48.1;908.92
Uganda;1972;10190285;Africa;51.0;950.74
Uganda;1977;11457758;Africa;50.4;843.73
Uganda;1982;12939400;Africa;49.8;682.27
Uganda;1987;15283050;Africa;51.5;617.72
Uganda;1992;18252190;Africa;48.8;644.17
Uganda;1997;21210254;Africa;44.6;816.56
Uganda;2002;24739869;Africa;47.8;927.72
Uganda;2007;29170398;Africa;51.5;1056.38
United Kingdom;1952;50430000;Europe;69.2;9979.51
United Kingdom;1957;51430000;Europe;70.4;11283.18
United Kingdom;1962;53292000;Europe;70.8;12477.18
United Kingdom;1967;54959000;Europe;71.4;14142.85
United Kingdom;1972;56079000;Europe;72.0;15895.12
United Kingdom;1977;56179000;Europe;72.8;17428.75
United Kingdom;1982;56339704;Europe;74.0;18232.42
United Kingdom;1987;56981620;Europe;75.0;21664.79
United Kingdom;1992;57866349;Europe;76.4;22705.09
United Kingdom;1997;58808266;Europe;77.2;26074.53
United Kingdom;2002;59912431;Europe;78.5;29479.0
United Kingdom;2007;60776238;Europe;79.4;33203.26
United States;1952;157553000;Americas;68.4;13990.48
United States;1957;171984000;Americas;69.5;14847.13
United States;1962;186538000;Americas;70.2;16173.15
United States;1967;198712000;Americas;70.8;19530.37
United States;1972;209896000;Americas;71.3;21806.04
United States;1977;220239000;Americas;73.4;24072.63
United States;1982;232187835;Americas;74.6;25009.56
United States;1987;242803533;Americas;75.0;29884.35
United States;1992;256894189;Americas;76.1;32003.93
United States;1997;272911760;Americas;76.8;35767.43
United States;2002;287675526;Americas;77.3;39097.1
United States;2007;301139947;Americas;78.2;42951.65
Uruguay;1952;2252965;Americas;66.1;5716.77
Uruguay;1957;2424959;Americas;67.0;6150.77
Uruguay;1962;2598466;Americas;68.3;5603.36
Uruguay;1967;2748579;Americas;68.5;5444.62
Uruguay;1972;2829526;Americas;68.7;5703.41
Uruguay;1977;2873520;Americas;69.5;6504.34
Uruguay;1982;2953997;Americas;70.8;6920.22
Uruguay;1987;3045153;Americas;71.9;7452.4
Uruguay;1992;3149262;Americas;72.8;8137.0
Uruguay;1997;3262838;Americas;74.2;9230.24
Uruguay;2002;3363085;Americas;75.3;7727.0
Uruguay;2007;3447496;Americas;76.4;10611.46
Venezuela;1952;5439568;Americas;55.1;7689.8
Venezuela;1957;6702668;Americas;57.9;9802.47
Venezuela;1962;8143375;Americas;60.8;8422.97
Venezuela;1967;9709552;Americas;63.5;9541.47
Venezuela;1972;11515649;Americas;65.7;10505.26
Venezuela;1977;13503563;Americas;67.5;13143.95
Venezuela;1982;15620766;Americas;68.6;11152.41
Venezuela;1987;17910182;Americas;70.2;9883.58
Venezuela;1992;20265563;Americas;71.2;10733.93
Venezuela;1997;22374398;Americas;72.1;10165.5
Venezuela;2002;24287670;Americas;72.8;8605.05
Venezuela;2007;26084662;Americas;73.7;11415.81
Vietnam;1952;26246839;Asia;40.4;605.07
Vietnam;1957;28998543;Asia;42.9;676.29
Vietnam;1962;33796140;Asia;45.4;772.05
Vietnam;1967;39463910;Asia;47.8;637.12
Vietnam;1972;44655014;Asia;50.3;699.5
Vietnam;1977;50533506;Asia;55.8;713.54
Vietnam;1982;56142181;Asia;58.8;707.24
Vietnam;1987;62826491;Asia;62.8;820.8
Vietnam;1992;69940728;Asia;67.7;989.02
Vietnam;1997;76048996;Asia;70.7;1385.9
Vietnam;2002;80908147;Asia;73.0;1764.46
Vietnam;2007;85262356;Asia;74.2;2441.58
West Bank and Gaza;1952;1030585;Asia;43.2;1515.59
West Bank and Gaza;1957;1070439;Asia;45.7;1827.07
West Bank and Gaza;1962;1133134;Asia;48.1;2198.96
West Bank and Gaza;1967;1142636;Asia;51.6;2649.72
West Bank and Gaza;1972;1089572;Asia;56.5;3133.41
West Bank and Gaza;1977;1261091;Asia;60.8;3682.83
West Bank and Gaza;1982;1425876;Asia;64.4;4336.03
West Bank and Gaza;1987;1691210;Asia;67.0;5107.2
West Bank and Gaza;1992;2104779;Asia;69.7;6017.65
West Bank and Gaza;1997;2826046;Asia;71.1;7110.67
West Bank and Gaza;2002;3389578;Asia;72.4;4515.49
West Bank and Gaza;2007;4018332;Asia;73.4;3025.35
Yemen Rep.;1952;4963829;Asia;32.5;781.72
Yemen Rep.;1957;5498090;Asia;34.0;804.83
Yemen Rep.;1962;6120081;Asia;35.2;825.62
Yemen Rep.;1967;6740785;Asia;37.0;862.44
Yemen Rep.;1972;7407075;Asia;39.8;1265.05
Yemen Rep.;1977;8403990;Asia;44.2;1829.77
Yemen Rep.;1982;9657618;Asia;49.1;1977.56
Yemen Rep.;1987;11219340;Asia;52.9;1971.74
Yemen Rep.;1992;13367997;Asia;55.6;1879.5
Yemen Rep.;1997;15826497;Asia;58.0;2117.48
Yemen Rep.;2002;18701257;Asia;60.3;2234.82
Yemen Rep.;2007;22211743;Asia;62.7;2280.77
Zambia;1952;2672000;Africa;42.0;1147.39
Zambia;1957;3016000;Africa;44.1;1311.96
Zambia;1962;3421000;Africa;46.0;1452.73
Zambia;1967;3900000;Africa;47.8;1777.08
Zambia;1972;4506497;Africa;50.1;1773.5
Zambia;1977;5216550;Africa;51.4;1588.69
Zambia;1982;6100407;Africa;51.8;1408.68
Zambia;1987;7272406;Africa;50.8;1213.32
Zambia;1992;8381163;Africa;46.1;1210.88
Zambia;1997;9417789;Africa;40.2;1071.35
Zambia;2002;10595811;Africa;39.2;1071.61
Zambia;2007;11746035;Africa;42.4;1271.21
Zimbabwe;1952;3080907;Africa;48.5;406.88
Zimbabwe;1957;3646340;Africa;50.5;518.76
Zimbabwe;1962;4277736;Africa;52.4;527.27
Zimbabwe;1967;4995432;Africa;54.0;569.8
Zimbabwe;1972;5861135;Africa;55.6;799.36
Zimbabwe;1977;6642107;Africa;57.7;685.59
Zimbabwe;1982;7636524;Africa;60.4;788.86
Zimbabwe;1987;9216418;Africa;62.4;706.16
Zimbabwe;1992;10704340;Africa;60.4;693.42
Zimbabwe;1997;11404948;Africa;46.8;792.45
Zimbabwe;2002;11926563;Africa;40.0;672.04
Zimbabwe;2007;12311143;Africa;43.5;469.71
